customer_id,month,logins,key_actions
C1000,2026-01-01,14,52
C1000,2026-02-01,12,52
C1000,2026-03-01,9,30
C1001,2026-01-01,18,78
C1001,2026-02-01,16,75
C1001,2026-03-01,25,133
C1001,2026-04-01,24,94
C1002,2026-01-01,13,49
C1002,2026-02-01,11,63
C1002,2026-03-01,8,27
C1002,2026-04-01,9,34
C1003,2026-01-01,7,0
C1003,2026-02-01,29,181
C1003,2026-03-01,31,185
C1003,2026-04-01,40,181
C1004,2026-01-01,12,41
C1004,2026-02-01,11,49
C1004,2026-03-01,13,51
C1004,2026-04-01,12,24
C1005,2026-01-01,13,127
C1005,2026-02-01,20,56
C1005,2026-03-01,31,120
C1005,2026-04-01,14,188
C1006,2026-01-01,8,57
C1006,2026-02-01,1,54
C1006,2026-03-01,12,61
C1006,2026-04-01,8,55
C1007,2026-01-01,35,129
C1007,2026-02-01,40,48
C1007,2026-03-01,31,128
C1007,2026-04-01,19,40
C1008,2026-01-01,44,159
C1008,2026-02-01,34,183
C1008,2026-03-01,33,93
C1008,2026-04-01,29,136
C1009,2026-01-01,37,236
C1009,2026-02-01,32,280
C1009,2026-03-01,23,147
C1009,2026-04-01,26,248
C1011,2026-01-01,12,57
C1011,2026-02-01,16,40
C1011,2026-03-01,12,57
C1012,2026-01-01,44,202
C1012,2026-02-01,42,208
C1012,2026-03-01,46,250
C1012,2026-04-01,57,306
C1013,2026-01-01,21,89
C1013,2026-02-01,17,66
C1013,2026-03-01,19,78
C1013,2026-04-01,16,40
C1014,2026-01-01,30,141
C1014,2026-02-01,17,174
C1014,2026-03-01,56,218
C1014,2026-04-01,29,180
C1015,2026-01-01,27,63
C1015,2026-02-01,17,48
C1015,2026-03-01,22,85
C1015,2026-04-01,21,97
C1016,2026-01-01,38,117
C1016,2026-02-01,24,179
C1016,2026-03-01,46,213
C1016,2026-04-01,33,225
C1017,2026-01-01,8,50
C1017,2026-02-01,11,35
C1017,2026-03-01,11,16
C1017,2026-04-01,15,46
C1018,2026-03-01,9,33
C1018,2026-04-01,11,20
C1019,2026-01-01,48,175
C1019,2026-02-01,74,286
C1019,2026-03-01,53,262
C1019,2026-04-01,57,245
C1020,2026-01-01,31,169
C1020,2026-02-01,27,228
C1020,2026-03-01,29,210
C1020,2026-04-01,19,141
C1021,2026-01-01,34,201
C1021,2026-02-01,12,178
C1021,2026-03-01,44,36
C1021,2026-04-01,45,205
C1022,2026-01-01,13,31
C1022,2026-02-01,14,40
C1022,2026-03-01,10,55
C1022,2026-04-01,8,32
C1025,2026-01-01,39,176
C1025,2026-02-01,47,254
C1025,2026-03-01,24,156
C1025,2026-04-01,35,221
C1026,2026-01-01,38,206
C1026,2026-02-01,24,217
C1026,2026-03-01,37,224
C1026,2026-04-01,39,201
C1029,2026-01-01,16,106
C1029,2026-02-01,22,120
C1029,2026-03-01,22,93
C1029,2026-04-01,25,88
C1030,2026-01-01,8,52
C1030,2026-02-01,9,35
C1030,2026-03-01,13,40
C1030,2026-04-01,10,42
C1031,2026-01-01,11,67
C1031,2026-02-01,31,97
C1031,2026-03-01,22,106
C1031,2026-04-01,23,85
C1032,2026-01-01,11,46
C1032,2026-02-01,15,30
C1032,2026-03-01,14,19
C1032,2026-04-01,12,28
C1033,2026-01-01,21,39
C1033,2026-02-01,10,32
C1033,2026-03-01,13,37
C1033,2026-04-01,13,62
C1035,2026-01-01,12,54
C1036,2026-01-01,25,81
C1036,2026-02-01,29,121
C1036,2026-03-01,25,70
C1037,2026-01-01,13,45
C1037,2026-02-01,14,10
C1037,2026-03-01,16,68
C1037,2026-04-01,17,30
C1038,2026-01-01,28,124
C1038,2026-02-01,25,88
C1038,2026-03-01,30,112
C1038,2026-04-01,27,70
C1040,2026-01-01,22,237
C1040,2026-02-01,44,138
C1040,2026-03-01,30,172
C1040,2026-04-01,45,120
C1041,2026-01-01,50,322
C1041,2026-02-01,72,493
C1041,2026-03-01,64,358
C1041,2026-04-01,46,174
C1043,2026-01-01,25,111
C1043,2026-02-01,19,128
C1043,2026-03-01,22,95
C1043,2026-04-01,21,100
C1044,2026-01-01,9,43
C1044,2026-02-01,12,49
C1044,2026-03-01,12,22
C1044,2026-04-01,9,52
C1045,2026-01-01,23,143
C1045,2026-02-01,39,128
C1045,2026-03-01,42,134
C1045,2026-04-01,30,183
C1046,2026-01-01,30,121
C1046,2026-02-01,39,82
C1046,2026-03-01,26,110
C1046,2026-04-01,1,126
C1047,2026-01-01,9,46
C1047,2026-02-01,4,46
C1047,2026-03-01,8,29
C1047,2026-04-01,10,43
C1048,2026-01-01,32,170
C1048,2026-02-01,43,238
C1048,2026-03-01,56,207
C1048,2026-04-01,36,269
C1049,2026-01-01,52,242
C1049,2026-02-01,46,170
C1049,2026-03-01,33,235
C1049,2026-04-01,37,214
C1050,2026-01-01,30,239
C1050,2026-02-01,47,90
C1050,2026-03-01,41,275
C1050,2026-04-01,35,239
C1052,2026-01-01,30,62
C1052,2026-02-01,20,116
C1052,2026-03-01,6,59
C1052,2026-04-01,16,57
C1056,2026-01-01,19,106
C1056,2026-02-01,16,44
C1056,2026-03-01,28,109
C1056,2026-04-01,25,68
C1057,2026-01-01,21,132
C1057,2026-02-01,20,104
C1057,2026-03-01,31,61
C1057,2026-04-01,14,66
C1058,2026-01-01,25,32
C1058,2026-02-01,9,87
C1058,2026-03-01,24,78
C1058,2026-04-01,25,105
C1059,2026-01-01,43,206
C1059,2026-02-01,28,269
C1059,2026-03-01,34,224
C1059,2026-04-01,14,199
C1060,2026-01-01,34,114
C1060,2026-02-01,26,70
C1060,2026-03-01,34,107
C1060,2026-04-01,24,116
C1061,2026-01-01,26,192
C1061,2026-02-01,37,118
C1061,2026-03-01,41,248
C1062,2026-01-01,14,41
C1062,2026-02-01,15,40
C1062,2026-03-01,13,56
C1062,2026-04-01,12,58
C1063,2026-01-01,19,132
C1063,2026-02-01,14,138
C1063,2026-03-01,14,138
C1063,2026-04-01,28,150
C1064,2026-01-01,67,232
C1064,2026-02-01,33,171
C1064,2026-03-01,26,206
C1064,2026-04-01,29,184
C1065,2026-01-01,10,31
C1065,2026-02-01,16,57
C1065,2026-03-01,11,34
C1065,2026-04-01,13,44
C1066,2026-01-01,21,122
C1066,2026-02-01,20,68
C1066,2026-03-01,17,90
C1066,2026-04-01,21,91
C1067,2026-03-01,17,27
C1067,2026-04-01,11,34
C1068,2026-01-01,12,43
C1068,2026-02-01,12,30
C1068,2026-03-01,17,51
C1069,2026-01-01,38,163
C1069,2026-02-01,39,229
C1069,2026-03-01,33,232
C1069,2026-04-01,39,105
C1070,2026-01-01,7,48
C1070,2026-02-01,11,33
C1070,2026-03-01,11,42
C1070,2026-04-01,17,12
C1071,2026-01-01,55,408
C1071,2026-02-01,31,441
C1071,2026-03-01,60,317
C1071,2026-04-01,72,475
C1072,2026-01-01,9,40
C1072,2026-02-01,14,42
C1072,2026-03-01,9,45
C1072,2026-04-01,13,27
C1074,2026-01-01,21,77
C1074,2026-02-01,23,114
C1074,2026-03-01,27,85
C1074,2026-04-01,21,82
C1075,2026-01-01,8,48
C1075,2026-02-01,11,34
C1075,2026-03-01,18,29
C1075,2026-04-01,12,26
C1076,2026-01-01,27,68
C1076,2026-02-01,36,82
C1076,2026-03-01,19,158
C1076,2026-04-01,18,94
C1077,2026-01-01,31,135
C1077,2026-02-01,27,229
C1077,2026-03-01,29,131
C1077,2026-04-01,39,142
C1079,2026-01-01,32,122
C1079,2026-02-01,29,56
C1079,2026-03-01,22,137
C1079,2026-04-01,19,128
C1080,2026-01-01,5,59
C1080,2026-02-01,15,38
C1080,2026-03-01,14,40
C1080,2026-04-01,13,16
C1081,2026-01-01,18,85
C1081,2026-02-01,21,114
C1081,2026-03-01,24,102
C1081,2026-04-01,36,109
C1082,2026-01-01,28,126
C1082,2026-02-01,26,157
C1082,2026-03-01,31,214
C1082,2026-04-01,46,206
C1084,2026-01-01,32,63
C1084,2026-02-01,24,62
C1084,2026-03-01,25,79
C1084,2026-04-01,25,84
C1086,2026-01-01,14,30
C1086,2026-02-01,6,35
C1086,2026-03-01,12,22
C1086,2026-04-01,11,33
C1087,2026-01-01,8,50
C1087,2026-02-01,17,41
C1087,2026-03-01,8,27
C1087,2026-04-01,7,30
C1088,2026-01-01,13,37
C1088,2026-02-01,11,44
C1088,2026-03-01,8,44
C1088,2026-04-01,7,42
C1089,2026-01-01,20,241
C1089,2026-02-01,40,172
C1089,2026-03-01,51,130
C1089,2026-04-01,17,274
C1091,2026-01-01,54,112
C1091,2026-02-01,34,392
C1091,2026-03-01,61,377
C1091,2026-04-01,58,377
C1092,2026-01-01,11,45
C1092,2026-02-01,16,49
C1092,2026-03-01,10,51
C1092,2026-04-01,10,54
C1094,2026-01-01,18,84
C1094,2026-02-01,29,45
C1094,2026-03-01,16,84
C1094,2026-04-01,24,94
C1095,2026-01-01,11,39
C1095,2026-02-01,8,48
C1095,2026-03-01,7,35
C1095,2026-04-01,5,43
C1096,2026-01-01,20,119
C1096,2026-02-01,15,109
C1096,2026-03-01,28,50
C1096,2026-04-01,26,118
C1097,2026-01-01,15,92
C1097,2026-02-01,19,90
C1097,2026-03-01,26,94
C1097,2026-04-01,17,113
C1098,2026-01-01,71,256
C1098,2026-02-01,67,238
C1098,2026-03-01,39,250
C1098,2026-04-01,58,353
C1099,2026-01-01,24,113
C1099,2026-02-01,25,103
C1099,2026-03-01,20,59
C1099,2026-04-01,22,105
C1100,2026-02-01,59,324
C1100,2026-03-01,46,294
C1100,2026-04-01,75,350
C1102,2026-01-01,20,50
C1102,2026-02-01,21,101
C1102,2026-03-01,35,87
C1102,2026-04-01,26,57
C1103,2026-01-01,64,501
C1103,2026-02-01,46,346
C1103,2026-03-01,32,340
C1103,2026-04-01,59,208
C1104,2026-01-01,38,406
C1104,2026-02-01,56,172
C1104,2026-03-01,67,401
C1104,2026-04-01,63,259
C1105,2026-01-01,10,37
C1106,2026-01-01,14,54
C1106,2026-02-01,14,30
C1106,2026-03-01,11,57
C1106,2026-04-01,6,50
C1107,2026-01-01,9,52
C1107,2026-02-01,11,33
C1107,2026-03-01,13,40
C1107,2026-04-01,15,34
C1108,2026-01-01,24,127
C1108,2026-02-01,21,96
C1108,2026-03-01,17,88
C1108,2026-04-01,26,94
C1109,2026-01-01,20,126
C1109,2026-02-01,29,74
C1109,2026-03-01,19,97
C1109,2026-04-01,17,152
C1110,2026-01-01,13,25
C1110,2026-02-01,16,36
C1110,2026-03-01,12,9
C1110,2026-04-01,7,43
C1112,2026-01-01,19,52
C1112,2026-02-01,7,60
C1112,2026-03-01,17,34
C1112,2026-04-01,9,40
C1113,2026-01-01,10,39
C1113,2026-02-01,8,30
C1113,2026-03-01,17,25
C1113,2026-04-01,19,37
C1114,2026-01-01,45,271
C1114,2026-02-01,56,428
C1114,2026-03-01,42,404
C1114,2026-04-01,50,231
C1115,2026-01-01,21,106
C1115,2026-02-01,17,81
C1115,2026-03-01,21,109
C1115,2026-04-01,19,100
C1116,2026-01-01,63,421
C1116,2026-02-01,66,226
C1116,2026-03-01,58,240
C1116,2026-04-01,39,279
C1117,2026-01-01,25,91
C1117,2026-02-01,26,85
C1117,2026-03-01,19,76
C1117,2026-04-01,15,121
C1118,2026-01-01,60,238
C1118,2026-02-01,26,238
C1118,2026-03-01,61,378
C1118,2026-04-01,51,393
C1119,2026-01-01,21,119
C1119,2026-02-01,26,70
C1119,2026-03-01,28,84
C1119,2026-04-01,32,96
C1120,2026-01-01,11,39
C1120,2026-02-01,12,35
C1120,2026-03-01,14,54
C1120,2026-04-01,11,48
C1121,2026-01-01,19,79
C1121,2026-02-01,22,84
C1121,2026-03-01,25,71
C1121,2026-04-01,30,84
C1122,2026-01-01,16,63
C1122,2026-02-01,18,72
C1122,2026-03-01,10,77
C1122,2026-04-01,18,105
C1127,2026-03-01,27,219
C1127,2026-04-01,25,159
C1128,2026-01-01,9,44
C1128,2026-02-01,17,28
C1128,2026-03-01,10,59
C1128,2026-04-01,5,52
C1129,2026-01-01,24,91
C1129,2026-02-01,23,101
C1129,2026-03-01,19,47
C1129,2026-04-01,26,115
C1130,2026-01-01,15,21
C1130,2026-02-01,16,54
C1130,2026-03-01,12,27
C1130,2026-04-01,15,42
C1131,2026-01-01,19,76
C1131,2026-02-01,25,75
C1131,2026-03-01,18,72
C1131,2026-04-01,21,103
C1133,2026-01-01,26,150
C1133,2026-02-01,37,199
C1133,2026-03-01,67,102
C1133,2026-04-01,49,208
C1134,2026-01-01,22,76
C1134,2026-02-01,24,165
C1134,2026-03-01,22,41
C1134,2026-04-01,25,128
C1135,2026-01-01,11,30
C1135,2026-02-01,15,32
C1135,2026-03-01,13,48
C1135,2026-04-01,11,40
C1137,2026-02-01,15,23
C1137,2026-03-01,12,59
C1137,2026-04-01,8,37
C1138,2026-01-01,37,155
C1138,2026-02-01,38,239
C1138,2026-03-01,16,135
C1138,2026-04-01,18,166
C1139,2026-01-01,4,41
C1139,2026-02-01,12,35
C1139,2026-03-01,15,35
C1139,2026-04-01,10,18
C1141,2026-01-01,62,309
C1141,2026-02-01,44,307
C1141,2026-03-01,55,454
C1141,2026-04-01,54,220
C1142,2026-01-01,13,46
C1142,2026-02-01,10,46
C1142,2026-03-01,8,43
C1142,2026-04-01,15,39
C1143,2026-01-01,22,61
C1143,2026-02-01,20,53
C1143,2026-03-01,24,134
C1143,2026-04-01,21,158
C1145,2026-01-01,19,101
C1145,2026-02-01,17,80
C1145,2026-03-01,27,104
C1145,2026-04-01,20,46
C1146,2026-01-01,16,22
C1146,2026-02-01,9,26
C1147,2026-01-01,36,127
C1147,2026-02-01,33,194
C1147,2026-03-01,42,231
C1147,2026-04-01,51,207
C1148,2026-01-01,15,43
C1148,2026-02-01,5,39
C1148,2026-03-01,15,51
C1148,2026-04-01,10,33
C1149,2026-01-01,30,111
C1149,2026-02-01,18,109
C1149,2026-03-01,27,93
C1149,2026-04-01,7,35
C1150,2026-01-01,52,276
C1150,2026-02-01,66,329
C1150,2026-03-01,60,431
C1150,2026-04-01,28,336
C1152,2026-01-01,7,31
C1152,2026-02-01,14,41
C1152,2026-03-01,13,23
C1152,2026-04-01,11,38
C1153,2026-01-01,62,424
C1153,2026-02-01,58,311
C1153,2026-03-01,40,304
C1153,2026-04-01,63,393
C1155,2026-01-01,12,46
C1155,2026-02-01,14,17
C1155,2026-03-01,10,25
C1155,2026-04-01,21,39
C1156,2026-01-01,27,78
C1156,2026-02-01,25,85
C1156,2026-03-01,29,60
C1156,2026-04-01,26,70
C1157,2026-01-01,26,81
C1157,2026-02-01,25,100
C1157,2026-03-01,18,76
C1157,2026-04-01,22,109
C1158,2026-01-01,22,189
C1158,2026-02-01,32,129
C1158,2026-03-01,29,181
C1158,2026-04-01,52,198
C1159,2026-01-01,17,45
C1159,2026-02-01,10,55
C1159,2026-03-01,8,31
C1159,2026-04-01,13,25
C1160,2026-01-01,15,86
C1160,2026-02-01,14,78
C1160,2026-03-01,27,96
C1160,2026-04-01,17,137
C1161,2026-01-01,29,129
C1161,2026-02-01,21,76
C1161,2026-03-01,31,74
C1161,2026-04-01,15,105
C1162,2026-01-01,21,76
C1162,2026-02-01,16,98
C1162,2026-03-01,13,121
C1162,2026-04-01,28,81
C1163,2026-01-01,39,252
C1163,2026-02-01,15,207
C1163,2026-03-01,56,184
C1163,2026-04-01,24,147
C1164,2026-01-01,74,382
C1164,2026-02-01,55,440
C1164,2026-03-01,26,256
C1164,2026-04-01,69,432
C1165,2026-01-01,66,364
C1165,2026-02-01,50,344
C1165,2026-03-01,41,295
C1165,2026-04-01,50,247
C1166,2026-01-01,29,240
C1166,2026-02-01,31,202
C1166,2026-03-01,20,170
C1166,2026-04-01,41,246
C1170,2026-01-01,32,91
C1170,2026-02-01,20,53
C1171,2026-01-01,11,29
C1171,2026-02-01,13,57
C1171,2026-03-01,14,32
C1171,2026-04-01,11,42
C1172,2026-01-01,16,78
C1172,2026-02-01,29,56
C1172,2026-03-01,21,96
C1172,2026-04-01,17,90
C1173,2026-01-01,22,186
C1173,2026-02-01,50,139
C1173,2026-03-01,35,150
C1173,2026-04-01,45,65
C1174,2026-02-01,15,54
C1174,2026-03-01,6,44
C1174,2026-04-01,20,40
C1176,2026-01-01,18,122
C1176,2026-02-01,26,75
C1176,2026-03-01,21,113
C1176,2026-04-01,24,100
C1178,2026-01-01,11,46
C1178,2026-02-01,11,48
C1178,2026-03-01,9,32
C1178,2026-04-01,14,49
C1179,2026-01-01,18,93
C1179,2026-02-01,28,75
C1179,2026-03-01,17,51
C1179,2026-04-01,22,109
C1180,2026-01-01,46,191
C1180,2026-02-01,28,187
C1180,2026-03-01,30,162
C1180,2026-04-01,42,92
C1181,2026-01-01,24,57
C1181,2026-02-01,14,109
C1181,2026-03-01,28,85
C1181,2026-04-01,25,56
C1182,2026-01-01,5,32
C1182,2026-02-01,13,38
C1182,2026-03-01,14,21
C1182,2026-04-01,6,40
C1183,2026-03-01,27,38
C1183,2026-04-01,29,68
C1184,2026-03-01,13,45
C1184,2026-04-01,8,37
C1185,2026-01-01,13,57
C1185,2026-02-01,10,54
C1185,2026-03-01,9,67
C1185,2026-04-01,15,38
C1187,2026-01-01,20,114
C1187,2026-02-01,31,103
C1187,2026-03-01,13,131
C1187,2026-04-01,22,131
C1188,2026-01-01,33,66
C1188,2026-02-01,31,89
C1188,2026-03-01,23,92
C1188,2026-04-01,14,92
C1189,2026-01-01,15,105
C1189,2026-02-01,16,72
C1189,2026-03-01,13,87
C1189,2026-04-01,19,103
C1190,2026-01-01,9,145
C1190,2026-02-01,21,77
C1190,2026-03-01,20,76
C1190,2026-04-01,40,82
C1191,2026-03-01,19,92
C1191,2026-04-01,24,82
C1192,2026-01-01,8,57
C1192,2026-02-01,7,38
C1192,2026-03-01,3,54
C1192,2026-04-01,11,43
C1193,2026-01-01,21,104
C1193,2026-02-01,22,86
C1193,2026-03-01,26,122
C1193,2026-04-01,10,106
C1194,2026-01-01,5,42
C1194,2026-02-01,11,44
C1194,2026-03-01,13,37
C1194,2026-04-01,18,39
C1195,2026-01-01,55,201
C1195,2026-02-01,49,215
C1195,2026-03-01,56,309
C1195,2026-04-01,31,365
C1197,2026-02-01,30,70
C1197,2026-03-01,28,82
C1197,2026-04-01,25,71
C1198,2026-01-01,21,54
C1198,2026-02-01,16,125
C1198,2026-03-01,12,78
C1198,2026-04-01,24,90
C1199,2026-01-01,12,49
C1199,2026-02-01,13,40
C1199,2026-03-01,8,21
C1199,2026-04-01,8,25
C1200,2026-01-01,45,138
C1200,2026-02-01,47,129
C1200,2026-03-01,10,206
C1200,2026-04-01,42,159
C1201,2026-01-01,11,52
C1201,2026-02-01,16,32
C1201,2026-03-01,9,40
C1201,2026-04-01,13,56
C1202,2026-01-01,16,32
C1202,2026-02-01,9,15
C1202,2026-03-01,3,37
C1202,2026-04-01,5,49
C1204,2026-01-01,5,75
C1204,2026-02-01,11,101
C1204,2026-03-01,22,96
C1204,2026-04-01,25,128
C1205,2026-01-01,13,28
C1205,2026-02-01,13,40
C1205,2026-03-01,13,41
C1205,2026-04-01,10,28
C1206,2026-01-01,23,86
C1206,2026-02-01,17,64
C1206,2026-03-01,31,101
C1206,2026-04-01,22,97
C1207,2026-01-01,48,169
C1207,2026-02-01,44,97
C1207,2026-03-01,27,153
C1207,2026-04-01,41,223
C1211,2026-03-01,23,100
C1211,2026-04-01,14,44
C1212,2026-01-01,40,237
C1212,2026-02-01,22,112
C1212,2026-03-01,42,181
C1212,2026-04-01,30,175
C1213,2026-01-01,12,25
C1213,2026-02-01,12,22
C1213,2026-03-01,14,60
C1213,2026-04-01,16,37
C1215,2026-01-01,51,256
C1215,2026-02-01,27,153
C1215,2026-03-01,30,137
C1215,2026-04-01,32,201
C1216,2026-01-01,40,190
C1216,2026-02-01,28,188
C1216,2026-03-01,45,131
C1216,2026-04-01,25,123
C1217,2026-01-01,45,134
C1217,2026-02-01,34,177
C1217,2026-03-01,46,195
C1217,2026-04-01,47,193
C1218,2026-01-01,27,191
C1218,2026-02-01,51,186
C1218,2026-03-01,40,213
C1218,2026-04-01,45,213
C1220,2026-01-01,21,100
C1220,2026-02-01,42,149
C1220,2026-03-01,27,199
C1220,2026-04-01,16,154
C1221,2026-01-01,26,106
C1221,2026-02-01,19,102
C1221,2026-03-01,31,107
C1221,2026-04-01,26,87
C1222,2026-01-01,31,101
C1222,2026-02-01,31,252
C1222,2026-03-01,52,146
C1222,2026-04-01,55,225
C1223,2026-01-01,10,32
C1223,2026-02-01,13,33
C1223,2026-03-01,9,30
C1223,2026-04-01,10,31
C1224,2026-02-01,9,18
C1224,2026-03-01,9,43
C1224,2026-04-01,12,32
C1225,2026-01-01,33,81
C1225,2026-02-01,17,113
C1225,2026-03-01,31,70
C1225,2026-04-01,34,81
C1226,2026-01-01,22,97
C1226,2026-02-01,25,104
C1226,2026-03-01,20,87
C1226,2026-04-01,18,111
C1228,2026-01-01,10,26
C1228,2026-02-01,21,28
C1228,2026-03-01,14,52
C1228,2026-04-01,6,46
C1229,2026-01-01,24,81
C1229,2026-02-01,19,115
C1229,2026-03-01,19,93
C1229,2026-04-01,16,62
C1231,2026-01-01,18,123
C1231,2026-02-01,27,76
C1231,2026-03-01,25,69
C1231,2026-04-01,20,114
C1232,2026-01-01,28,84
C1232,2026-02-01,27,117
C1232,2026-03-01,23,119
C1232,2026-04-01,24,89
C1233,2026-01-01,62,249
C1233,2026-02-01,51,325
C1234,2026-01-01,34,108
C1234,2026-02-01,44,124
C1234,2026-03-01,33,154
C1234,2026-04-01,16,132
C1235,2026-01-01,23,100
C1235,2026-02-01,9,75
C1235,2026-03-01,19,69
C1235,2026-04-01,20,78
C1236,2026-01-01,47,185
C1236,2026-02-01,25,184
C1236,2026-03-01,39,198
C1236,2026-04-01,43,286
C1237,2026-01-01,28,66
C1237,2026-02-01,16,125
C1238,2026-01-01,39,186
C1238,2026-02-01,31,178
C1238,2026-03-01,34,199
C1238,2026-04-01,35,85
C1239,2026-01-01,14,40
C1239,2026-02-01,10,65
C1239,2026-03-01,13,39
C1239,2026-04-01,6,39
C1240,2026-02-01,15,74
C1240,2026-03-01,26,85
C1240,2026-04-01,18,102
C1241,2026-01-01,41,209
C1241,2026-02-01,24,316
C1241,2026-03-01,26,165
C1241,2026-04-01,36,199
C1242,2026-01-01,38,56
C1242,2026-02-01,27,86
C1242,2026-03-01,25,89
C1242,2026-04-01,21,68
C1243,2026-01-01,26,184
C1243,2026-02-01,41,205
C1243,2026-03-01,31,159
C1243,2026-04-01,38,186
C1244,2026-01-01,12,18
C1244,2026-02-01,9,28
C1244,2026-03-01,8,59
C1244,2026-04-01,12,39
C1245,2026-01-01,49,212
C1245,2026-02-01,50,211
C1245,2026-03-01,43,194
C1245,2026-04-01,38,272
C1246,2026-01-01,34,167
C1246,2026-02-01,32,200
C1246,2026-03-01,28,219
C1246,2026-04-01,35,258
C1248,2026-01-01,12,29
C1248,2026-02-01,9,49
C1248,2026-03-01,15,22
C1248,2026-04-01,9,37
C1249,2026-01-01,24,62
C1249,2026-02-01,24,116
C1249,2026-03-01,11,103
C1249,2026-04-01,32,94
C1250,2026-01-01,16,34
C1250,2026-02-01,12,27
C1250,2026-03-01,8,29
C1250,2026-04-01,13,45
C1251,2026-01-01,10,52
C1251,2026-02-01,12,36
C1251,2026-03-01,6,51
C1251,2026-04-01,11,56
C1252,2026-01-01,21,210
C1252,2026-02-01,38,204
C1252,2026-03-01,40,105
C1252,2026-04-01,51,68
C1254,2026-01-01,29,76
C1254,2026-02-01,36,70
C1254,2026-03-01,25,76
C1254,2026-04-01,24,67
C1255,2026-01-01,7,52
C1255,2026-02-01,12,52
C1255,2026-03-01,16,68
C1255,2026-04-01,11,56
C1256,2026-01-01,20,217
C1256,2026-02-01,52,92
C1256,2026-03-01,30,82
C1256,2026-04-01,49,164
C1257,2026-03-01,7,15
C1257,2026-04-01,9,20
C1258,2026-01-01,32,116
C1258,2026-02-01,25,145
C1258,2026-03-01,12,49
C1258,2026-04-01,20,93
C1260,2026-01-01,23,37
C1260,2026-02-01,23,67
C1260,2026-03-01,21,69
C1260,2026-04-01,27,47
C1261,2026-01-01,25,113
C1261,2026-02-01,21,101
C1261,2026-03-01,25,85
C1261,2026-04-01,8,114
C1262,2026-01-01,18,64
C1262,2026-02-01,25,107
C1262,2026-03-01,11,50
C1262,2026-04-01,19,62
C1263,2026-02-01,25,107
C1263,2026-03-01,18,51
C1263,2026-04-01,19,47
C1264,2026-01-01,28,148
C1264,2026-02-01,16,282
C1264,2026-03-01,27,159
C1264,2026-04-01,54,133
C1266,2026-01-01,8,22
C1266,2026-02-01,13,46
C1268,2026-01-01,14,52
C1268,2026-02-01,15,29
C1268,2026-03-01,16,37
C1268,2026-04-01,10,42
C1269,2026-01-01,54,148
C1269,2026-02-01,52,229
C1269,2026-03-01,9,218
C1269,2026-04-01,62,185
C1270,2026-01-01,28,164
C1270,2026-02-01,29,142
C1270,2026-03-01,58,237
C1270,2026-04-01,29,200
C1271,2026-01-01,15,49
C1271,2026-02-01,13,30
C1271,2026-03-01,15,53
C1271,2026-04-01,7,38
C1272,2026-01-01,24,158
C1272,2026-02-01,40,110
C1272,2026-03-01,32,186
C1272,2026-04-01,27,188
C1273,2026-01-01,13,225
C1273,2026-02-01,38,202
C1273,2026-03-01,41,124
C1273,2026-04-01,39,186
C1274,2026-01-01,27,107
C1274,2026-02-01,30,112
C1274,2026-03-01,21,110
C1274,2026-04-01,18,89
C1275,2026-01-01,41,262
C1275,2026-02-01,38,161
C1275,2026-03-01,40,180
C1275,2026-04-01,19,191
C1276,2026-01-01,36,186
C1276,2026-02-01,62,194
C1276,2026-03-01,38,255
C1276,2026-04-01,21,209
C1278,2026-01-01,43,124
C1278,2026-02-01,16,136
C1278,2026-03-01,49,183
C1278,2026-04-01,55,166
C1279,2026-01-01,20,57
C1279,2026-02-01,21,98
C1279,2026-03-01,15,105
C1279,2026-04-01,27,80
C1280,2026-02-01,6,8
C1280,2026-03-01,4,13
C1281,2026-01-01,5,20
C1281,2026-02-01,1,14
C1281,2026-03-01,3,5
C1282,2026-03-01,2,0
C1282,2026-04-01,6,0
C1283,2026-03-01,5,0
C1283,2026-04-01,6,1
C1284,2026-04-01,3,0
C1285,2026-03-01,5,10
C1285,2026-04-01,2,6
C1286,2026-02-01,6,7
C1286,2026-03-01,4,9
C1287,2026-01-01,6,4
C1287,2026-02-01,7,17
C1287,2026-03-01,5,8
C1287,2026-04-01,2,5
C1288,2026-04-01,3,13
C1289,2026-02-01,3,9
C1289,2026-03-01,5,4
C1290,2026-04-01,2,1
C1291,2026-01-01,1,0
C1291,2026-02-01,6,5
C1291,2026-03-01,4,5
C1292,2026-04-01,0,1
C1293,2026-01-01,9,4
C1293,2026-02-01,5,8
C1293,2026-03-01,8,0
C1294,2026-04-01,3,14
C1295,2026-01-01,0,7
C1295,2026-02-01,7,13
C1296,2026-03-01,7,16
C1296,2026-04-01,1,10
C1297,2026-01-01,4,18
C1297,2026-02-01,2,13
C1298,2026-03-01,0,15
C1298,2026-04-01,1,14
C1299,2026-01-01,4,1
C1299,2026-02-01,4,18
C1299,2026-03-01,1,11
C1299,2026-04-01,4,2
C1300,2026-01-01,4,8
C1300,2026-02-01,6,0
C1301,2026-04-01,0,23
C1302,2026-03-01,4,9
C1302,2026-04-01,4,0
C1303,2026-01-01,4,6
C1303,2026-02-01,0,1
C1303,2026-03-01,1,7
C1303,2026-04-01,2,1
C1304,2026-04-01,3,0
C1305,2026-02-01,6,8
C1305,2026-03-01,0,5
C1305,2026-04-01,2,9
C1306,2026-04-01,5,0
C1307,2026-01-01,1,0
C1307,2026-02-01,4,2
C1308,2026-01-01,3,9
C1308,2026-02-01,1,16
C1308,2026-03-01,10,21
C1309,2026-01-01,7,12
C1309,2026-02-01,0,6
C1310,2026-01-01,9,9
C1310,2026-02-01,2,5
C1310,2026-03-01,2,0
C1311,2026-04-01,6,10
C1312,2026-04-01,2,3
C1313,2026-02-01,8,10
C1313,2026-03-01,5,11
C1313,2026-04-01,0,12
C1314,2026-02-01,7,7
C1314,2026-03-01,7,2
C1314,2026-04-01,1,4
C1315,2026-02-01,5,0
C1315,2026-03-01,1,0
C1315,2026-04-01,4,13
C1316,2026-03-01,5,2
C1316,2026-04-01,7,13
C1317,2026-02-01,4,9
C1317,2026-03-01,6,3
C1317,2026-04-01,1,13
C1318,2026-02-01,1,7
C1318,2026-03-01,3,15
C1318,2026-04-01,0,13
C1319,2026-01-01,9,6
C1319,2026-02-01,4,10
C1319,2026-03-01,7,14
C1319,2026-04-01,5,10
C1320,2026-01-01,3,0
C1320,2026-02-01,0,18
C1320,2026-03-01,2,9
C1320,2026-04-01,5,8
C1321,2026-03-01,6,7
C1321,2026-04-01,0,8
C1322,2026-03-01,3,6
C1322,2026-04-01,8,0
C1323,2026-02-01,5,1
C1323,2026-03-01,5,11
C1323,2026-04-01,0,11
C1324,2026-02-01,8,1
C1324,2026-03-01,0,9
C1324,2026-04-01,4,0
C1325,2026-04-01,0,10
C1326,2026-03-01,5,4
C1326,2026-04-01,5,0
C1327,2026-01-01,4,13
C1327,2026-02-01,0,4
C1327,2026-03-01,3,0
C1327,2026-04-01,2,0
C1328,2026-01-01,2,0
C1328,2026-02-01,6,13
C1329,2026-03-01,1,2
C1329,2026-04-01,7,10
C1330,2026-01-01,0,9
C1330,2026-02-01,9,17
C1331,2026-02-01,9,9
C1331,2026-03-01,4,17
C1331,2026-04-01,0,11
C1332,2026-01-01,3,9
C1332,2026-02-01,4,7
C1332,2026-03-01,0,14
C1333,2026-01-01,3,10
C1333,2026-02-01,5,10
C1334,2026-01-01,3,10
C1334,2026-02-01,2,13
C1335,2026-03-01,1,4
C1335,2026-04-01,5,8
C1336,2026-04-01,2,13
C1337,2026-01-01,2,13
C1337,2026-02-01,4,5
C1338,2026-03-01,4,0
C1338,2026-04-01,0,8
C1339,2026-02-01,4,9
C1339,2026-03-01,1,9
C1339,2026-04-01,2,10
C1340,2026-03-01,3,23
C1340,2026-04-01,2,3
C1341,2026-03-01,4,3
C1341,2026-04-01,2,9
C1342,2026-03-01,6,23
C1342,2026-04-01,0,20
C1343,2026-03-01,0,6
C1343,2026-04-01,6,4
C1344,2026-03-01,0,10
C1344,2026-04-01,2,23
C1345,2026-02-01,7,5
C1345,2026-03-01,0,1
C1346,2026-01-01,1,14
C1346,2026-02-01,0,4
C1347,2026-01-01,3,0
C1347,2026-02-01,3,13
C1348,2026-04-01,6,13
C1349,2026-01-01,3,14
C1349,2026-02-01,0,0
C1350,2026-03-01,2,2
C1350,2026-04-01,3,18
C1351,2026-02-01,4,25
C1351,2026-03-01,2,13
C1351,2026-04-01,8,8
C1352,2026-03-01,7,8
C1352,2026-04-01,7,2
C1353,2026-02-01,7,2
C1353,2026-03-01,4,0
C1353,2026-04-01,3,6
C1354,2026-01-01,6,0
C1354,2026-02-01,2,3
C1354,2026-03-01,5,3
C1355,2026-03-01,4,0
C1355,2026-04-01,7,8
C1356,2026-01-01,2,9
C1356,2026-02-01,6,8
C1356,2026-03-01,3,10
C1356,2026-04-01,2,17
C1357,2026-03-01,1,8
C1357,2026-04-01,2,20
C1358,2026-01-01,4,11
C1358,2026-02-01,5,2
C1358,2026-03-01,0,5
C1358,2026-04-01,1,1
C1359,2026-02-01,2,7
C1359,2026-03-01,4,9
C1360,2026-01-01,2,6
C1360,2026-02-01,0,6
C1361,2026-01-01,0,0
C1361,2026-02-01,2,1
C1362,2026-03-01,0,5
C1362,2026-04-01,7,4
C1363,2026-03-01,10,12
C1363,2026-04-01,0,16
C1364,2026-01-01,2,1
C1364,2026-02-01,0,15
C1364,2026-03-01,4,12
C1364,2026-04-01,3,8
C1365,2026-02-01,7,11
C1365,2026-03-01,8,9
C1365,2026-04-01,2,9
C1366,2026-03-01,5,12
C1366,2026-04-01,3,6
C1367,2026-02-01,5,0
C1367,2026-03-01,2,4
C1368,2026-03-01,5,10
C1368,2026-04-01,3,9
C1369,2026-03-01,5,0
C1369,2026-04-01,4,0
C1370,2026-01-01,1,2
C1370,2026-02-01,4,9
C1371,2026-01-01,1,18
C1371,2026-02-01,5,9
C1371,2026-03-01,1,9
C1371,2026-04-01,8,11
C1372,2026-04-01,3,13
C1373,2026-03-01,8,13
C1373,2026-04-01,4,16
C1374,2026-04-01,6,8
C1375,2026-01-01,5,0
C1375,2026-02-01,1,4
C1375,2026-03-01,4,1
C1376,2026-03-01,4,10
C1376,2026-04-01,3,6
C1377,2026-03-01,5,15
C1377,2026-04-01,2,4
C1378,2026-02-01,3,1
C1378,2026-03-01,4,18
C1379,2026-03-01,2,13
C1379,2026-04-01,8,5
C1380,2026-04-01,7,1
C1381,2026-04-01,5,12
C1382,2026-01-01,2,12
C1382,2026-02-01,7,8
C1382,2026-03-01,7,10
C1382,2026-04-01,5,3
C1383,2026-01-01,6,20
C1383,2026-02-01,4,2
C1383,2026-03-01,1,0
C1383,2026-04-01,2,14
C1384,2026-03-01,1,3
C1384,2026-04-01,5,13
C1385,2026-01-01,6,9
C1385,2026-02-01,6,8
C1386,2026-04-01,2,4
C1387,2026-01-01,3,0
C1387,2026-02-01,1,16
C1388,2026-03-01,7,24
C1388,2026-04-01,3,9
C1389,2026-01-01,5,11
C1389,2026-02-01,5,15
C1389,2026-03-01,4,8
C1390,2026-02-01,6,19
C1390,2026-03-01,3,2
C1390,2026-04-01,4,9
C1391,2026-03-01,4,7
C1391,2026-04-01,2,2
C1392,2026-03-01,9,17
C1392,2026-04-01,3,12
C1393,2026-01-01,0,0
C1393,2026-02-01,14,5
C1393,2026-03-01,4,6
C1394,2026-01-01,8,3
C1394,2026-02-01,5,13
C1395,2026-02-01,0,0
C1395,2026-03-01,4,9
C1395,2026-04-01,5,14
C1396,2026-01-01,3,9
C1396,2026-02-01,5,0
C1396,2026-03-01,10,5
C1397,2026-03-01,6,11
C1397,2026-04-01,3,6
C1398,2026-01-01,4,0
C1398,2026-02-01,0,7
C1398,2026-03-01,2,13
C1398,2026-04-01,3,1
C1399,2026-01-01,0,15
C1399,2026-02-01,3,7
C1400,2026-03-01,5,19
C1400,2026-04-01,1,11
C1401,2026-02-01,0,1
C1401,2026-03-01,1,13
C1402,2026-02-01,6,11
C1402,2026-03-01,1,14
C1402,2026-04-01,1,3
C1403,2026-03-01,0,13
C1403,2026-04-01,2,13
C1404,2026-01-01,4,16
C1404,2026-02-01,3,9
C1404,2026-03-01,0,7
C1404,2026-04-01,5,6
C1405,2026-01-01,5,8
C1405,2026-02-01,4,13
C1406,2026-03-01,5,0
C1406,2026-04-01,3,17
C1407,2026-02-01,9,7
C1407,2026-03-01,3,0
C1408,2026-03-01,2,18
C1408,2026-04-01,4,2
C1409,2026-03-01,0,3
C1409,2026-04-01,0,9
C1410,2026-02-01,5,12
C1410,2026-03-01,4,17
C1410,2026-04-01,0,6
C1411,2026-03-01,3,1
C1411,2026-04-01,4,2
C1412,2026-03-01,4,0
C1412,2026-04-01,4,14
C1413,2026-01-01,1,13
C1413,2026-02-01,8,18
C1414,2026-03-01,6,0
C1414,2026-04-01,2,13
C1415,2026-01-01,0,13
C1415,2026-02-01,1,6
C1416,2026-03-01,5,0
C1416,2026-04-01,8,20
C1417,2026-01-01,1,2
C1417,2026-02-01,0,0
C1417,2026-03-01,4,13
C1417,2026-04-01,4,10
C1418,2026-01-01,0,11
C1418,2026-02-01,5,9
C1418,2026-03-01,8,9
C1418,2026-04-01,4,10
C1419,2026-01-01,3,12
C1419,2026-02-01,3,6
C1420,2026-02-01,2,7
C1420,2026-03-01,5,3
C1421,2026-01-01,6,12
C1421,2026-02-01,2,8
C1421,2026-03-01,5,5
C1422,2026-02-01,0,11
C1422,2026-03-01,0,9
C1422,2026-04-01,0,4
C1423,2026-02-01,3,8
C1423,2026-03-01,4,9
C1424,2026-01-01,5,1
C1424,2026-02-01,9,1
C1424,2026-03-01,0,3
C1425,2026-04-01,6,3
C1426,2026-02-01,2,0
C1426,2026-03-01,2,15
C1426,2026-04-01,5,12
C1427,2026-01-01,3,1
C1427,2026-02-01,5,5
C1427,2026-03-01,0,16
C1428,2026-03-01,5,4
C1428,2026-04-01,2,4
C1429,2026-02-01,2,0
C1429,2026-03-01,4,14
C1429,2026-04-01,0,1
C1430,2026-01-01,8,14
C1430,2026-02-01,2,13
C1431,2026-02-01,0,7
C1431,2026-03-01,8,12
C1431,2026-04-01,0,14
C1432,2026-03-01,3,8
C1432,2026-04-01,9,16
C1433,2026-01-01,3,1
C1433,2026-02-01,7,11
C1434,2026-02-01,5,6
C1434,2026-03-01,6,0
C1435,2026-02-01,5,8
C1435,2026-03-01,2,15
C1436,2026-01-01,8,12
C1436,2026-02-01,3,4
C1437,2026-02-01,4,9
C1437,2026-03-01,3,4
C1437,2026-04-01,6,0
C1438,2026-01-01,2,0
C1438,2026-02-01,2,11
C1439,2026-02-01,9,8
C1439,2026-03-01,4,0
C1440,2026-02-01,4,10
C1440,2026-03-01,0,16
C1441,2026-02-01,5,16
C1441,2026-03-01,5,20
C1441,2026-04-01,4,4
C1442,2026-01-01,2,9
C1442,2026-02-01,2,14
C1443,2026-03-01,4,15
C1443,2026-04-01,5,6
C1444,2026-01-01,2,10
C1444,2026-02-01,1,11
C1445,2026-01-01,2,8
C1445,2026-02-01,5,0
C1446,2026-02-01,5,9
C1446,2026-03-01,2,15
C1446,2026-04-01,6,12
C1447,2026-02-01,5,5
C1447,2026-03-01,7,5
C1447,2026-04-01,2,0
C1448,2026-01-01,3,2
C1448,2026-02-01,0,0
C1449,2026-02-01,6,2
C1449,2026-03-01,1,15
C1449,2026-04-01,0,13
C1450,2026-03-01,0,0
C1450,2026-04-01,4,16
C1451,2026-02-01,2,17
C1451,2026-03-01,4,0
C1452,2026-01-01,2,11
C1452,2026-02-01,5,11
C1453,2026-02-01,7,4
C1453,2026-03-01,8,4
C1454,2026-04-01,3,16
C1455,2026-02-01,4,0
C1455,2026-03-01,8,6
C1456,2026-03-01,9,9
C1456,2026-04-01,2,11
C1457,2026-01-01,7,3
C1457,2026-02-01,4,17
C1457,2026-03-01,1,4
C1458,2026-02-01,3,8
C1458,2026-03-01,4,6
C1459,2026-02-01,2,5
C1459,2026-03-01,4,10
C1459,2026-04-01,7,0
C1460,2026-02-01,8,12
C1460,2026-03-01,2,16
C1461,2026-03-01,5,12
C1461,2026-04-01,3,14
C1462,2026-02-01,3,18
C1462,2026-03-01,11,15
C1463,2026-01-01,5,13
C1463,2026-02-01,0,7
C1463,2026-03-01,6,0
C1464,2026-02-01,0,15
C1464,2026-03-01,4,0
C1464,2026-04-01,6,15
C1465,2026-04-01,0,9
C1466,2026-03-01,1,13
C1466,2026-04-01,5,9
C1467,2026-02-01,5,11
C1467,2026-03-01,7,8
C1467,2026-04-01,0,8
C1468,2026-02-01,6,6
C1468,2026-03-01,0,8
C1468,2026-04-01,3,8
C1469,2026-01-01,1,13
C1469,2026-02-01,5,14
C1470,2026-01-01,8,3
C1470,2026-02-01,0,7
C1470,2026-03-01,2,0
C1470,2026-04-01,3,3
C1471,2026-01-01,5,0
C1471,2026-02-01,1,0
C1471,2026-03-01,3,14
C1471,2026-04-01,3,16
C1472,2026-04-01,4,7
C1473,2026-02-01,4,0
C1473,2026-03-01,6,4
C1473,2026-04-01,6,3
C1474,2026-04-01,0,13
C1475,2026-02-01,3,13
C1475,2026-03-01,8,6
C1476,2026-03-01,2,13
C1476,2026-04-01,7,1
C1477,2026-03-01,0,0
C1477,2026-04-01,3,10
C1478,2026-04-01,6,5
C1479,2026-03-01,0,24
C1479,2026-04-01,4,7
C1480,2026-03-01,2,1
C1480,2026-04-01,1,0
C1481,2026-03-01,0,14
C1481,2026-04-01,4,11
C1482,2026-04-01,0,11
C1483,2026-04-01,4,9
C1484,2026-01-01,6,17
C1484,2026-02-01,3,20
C1484,2026-03-01,1,1
C1484,2026-04-01,5,12
C1485,2026-03-01,3,13
C1485,2026-04-01,1,4
C1486,2026-03-01,4,9
C1486,2026-04-01,4,7
C1487,2026-03-01,5,7
C1487,2026-04-01,3,7
C1488,2026-04-01,9,7
C1489,2026-02-01,7,5
C1489,2026-03-01,2,13
C1490,2026-02-01,12,0
C1490,2026-03-01,6,0
C1490,2026-04-01,3,9
C1491,2026-03-01,3,10
C1491,2026-04-01,0,10
C1492,2026-03-01,5,5
C1492,2026-04-01,0,0
C1493,2026-02-01,2,0
C1493,2026-03-01,1,14
C1493,2026-04-01,0,8
C1494,2026-03-01,11,6
C1494,2026-04-01,4,6
C1495,2026-02-01,9,11
C1495,2026-03-01,2,13
C1495,2026-04-01,0,12
C1496,2026-01-01,0,14
C1496,2026-02-01,12,0
C1496,2026-03-01,8,2
C1497,2026-01-01,4,11
C1497,2026-02-01,0,7
C1497,2026-03-01,2,7
C1497,2026-04-01,2,16
C1498,2026-01-01,5,5
C1498,2026-02-01,2,8
C1498,2026-03-01,4,12
C1498,2026-04-01,3,5
C1499,2026-02-01,3,4
C1499,2026-03-01,9,2
C1499,2026-04-01,4,12
