customer_id,month,status,mrr,plan_type,is_trial
C1000,2026-01-01,active,49,Starter,False
C1000,2026-02-01,active,49,Starter,False
C1000,2026-03-01,active,49,Starter,False
C1000,2026-04-01,churned,0,Starter,False
C1001,2026-01-01,active,399,Team,False
C1001,2026-02-01,active,399,Team,False
C1001,2026-03-01,active,399,Team,False
C1001,2026-04-01,active,399,Team,False
C1002,2026-01-01,active,99,Starter,False
C1002,2026-02-01,active,99,Starter,False
C1002,2026-03-01,active,99,Starter,False
C1002,2026-04-01,active,99,Starter,False
C1003,2026-01-01,active,599,Business,False
C1003,2026-02-01,active,599,Business,False
C1003,2026-03-01,active,599,Business,False
C1003,2026-04-01,active,599,Business,False
C1004,2026-01-01,active,99,Starter,False
C1004,2026-02-01,active,99,Starter,False
C1004,2026-03-01,active,99,Starter,False
C1004,2026-04-01,active,99,Starter,False
C1005,2026-01-01,active,399,Team,False
C1005,2026-02-01,active,399,Team,False
C1005,2026-03-01,active,399,Team,False
C1005,2026-04-01,active,399,Team,False
C1006,2026-01-01,active,49,Starter,False
C1006,2026-02-01,active,49,Starter,False
C1006,2026-03-01,active,49,Starter,False
C1006,2026-04-01,active,49,Starter,False
C1007,2026-01-01,active,199,Team,False
C1007,2026-02-01,active,199,Team,False
C1007,2026-03-01,active,199,Team,False
C1007,2026-04-01,active,199,Team,False
C1008,2026-01-01,active,999,Business,False
C1008,2026-02-01,active,999,Business,False
C1008,2026-03-01,active,999,Business,False
C1008,2026-04-01,active,999,Business,False
C1009,2026-01-01,active,999,Business,False
C1009,2026-02-01,active,999,Business,False
C1009,2026-03-01,active,999,Business,False
C1009,2026-04-01,active,999,Business,False
C1011,2026-01-01,active,99,Starter,False
C1011,2026-02-01,active,99,Starter,False
C1011,2026-03-01,active,99,Starter,False
C1011,2026-04-01,churned,0,Starter,False
C1012,2026-01-01,active,599,Business,False
C1012,2026-02-01,active,599,Business,False
C1012,2026-03-01,active,599,Business,False
C1012,2026-04-01,active,599,Business,False
C1013,2026-01-01,active,199,Team,False
C1013,2026-02-01,active,199,Team,False
C1013,2026-03-01,active,199,Team,False
C1013,2026-04-01,active,199,Team,False
C1014,2026-01-01,active,799,Business,False
C1014,2026-02-01,active,799,Business,False
C1014,2026-03-01,active,799,Business,False
C1014,2026-04-01,active,799,Business,False
C1015,2026-01-01,active,399,Team,False
C1015,2026-02-01,active,399,Team,False
C1015,2026-03-01,active,399,Team,False
C1015,2026-04-01,active,399,Team,False
C1016,2026-01-01,active,799,Business,False
C1016,2026-02-01,active,799,Business,False
C1016,2026-03-01,active,799,Business,False
C1016,2026-04-01,active,799,Business,False
C1017,2026-01-01,active,99,Starter,False
C1017,2026-02-01,active,99,Starter,False
C1017,2026-03-01,active,99,Starter,False
C1017,2026-04-01,active,99,Starter,False
C1018,2026-03-01,active,49,Starter,False
C1018,2026-04-01,active,49,Starter,False
C1019,2026-01-01,active,1500,Enterprise,False
C1019,2026-02-01,active,1500,Enterprise,False
C1019,2026-03-01,active,1500,Enterprise,False
C1019,2026-04-01,active,1500,Enterprise,False
C1020,2026-01-01,active,599,Business,False
C1020,2026-02-01,active,599,Business,False
C1020,2026-03-01,active,599,Business,False
C1020,2026-04-01,active,599,Business,False
C1021,2026-01-01,active,999,Business,False
C1021,2026-02-01,active,999,Business,False
C1021,2026-03-01,active,999,Business,False
C1021,2026-04-01,active,999,Business,False
C1022,2026-01-01,active,99,Starter,False
C1022,2026-02-01,active,99,Starter,False
C1022,2026-03-01,active,99,Starter,False
C1022,2026-04-01,active,99,Starter,False
C1025,2026-01-01,active,599,Business,False
C1025,2026-02-01,active,599,Business,False
C1025,2026-03-01,active,599,Business,False
C1025,2026-04-01,active,599,Business,False
C1026,2026-01-01,active,799,Business,False
C1026,2026-02-01,active,799,Business,False
C1026,2026-03-01,active,799,Business,False
C1026,2026-04-01,active,799,Business,False
C1029,2026-01-01,active,199,Team,False
C1029,2026-02-01,active,199,Team,False
C1029,2026-03-01,active,199,Team,False
C1029,2026-04-01,active,199,Team,False
C1030,2026-01-01,active,49,Starter,False
C1030,2026-02-01,active,49,Starter,False
C1030,2026-03-01,active,49,Starter,False
C1030,2026-04-01,active,49,Starter,False
C1031,2026-01-01,active,199,Team,False
C1031,2026-02-01,active,199,Team,False
C1031,2026-03-01,active,199,Team,False
C1031,2026-04-01,active,199,Team,False
C1032,2026-01-01,active,99,Starter,False
C1032,2026-02-01,active,99,Starter,False
C1032,2026-03-01,active,99,Starter,False
C1032,2026-04-01,active,99,Starter,False
C1033,2026-01-01,active,49,Starter,False
C1033,2026-02-01,active,49,Starter,False
C1033,2026-03-01,active,49,Starter,False
C1033,2026-04-01,active,49,Starter,False
C1035,2026-01-01,active,49,Starter,False
C1035,2026-02-01,churned,0,Starter,False
C1036,2026-01-01,active,299,Team,False
C1036,2026-02-01,active,299,Team,False
C1036,2026-03-01,active,299,Team,False
C1036,2026-04-01,churned,0,Team,False
C1037,2026-01-01,active,99,Starter,False
C1037,2026-02-01,active,99,Starter,False
C1037,2026-03-01,active,99,Starter,False
C1037,2026-04-01,active,99,Starter,False
C1038,2026-01-01,active,399,Team,False
C1038,2026-02-01,active,399,Team,False
C1038,2026-03-01,active,399,Team,False
C1038,2026-04-01,active,399,Team,False
C1040,2026-01-01,active,999,Business,False
C1040,2026-02-01,active,999,Business,False
C1040,2026-03-01,active,999,Business,False
C1040,2026-04-01,active,999,Business,False
C1041,2026-01-01,active,2500,Enterprise,False
C1041,2026-02-01,active,2500,Enterprise,False
C1041,2026-03-01,active,2500,Enterprise,False
C1041,2026-04-01,active,2500,Enterprise,False
C1043,2026-01-01,active,199,Team,False
C1043,2026-02-01,active,199,Team,False
C1043,2026-03-01,active,199,Team,False
C1043,2026-04-01,active,199,Team,False
C1044,2026-01-01,active,99,Starter,False
C1044,2026-02-01,active,99,Starter,False
C1044,2026-03-01,active,99,Starter,False
C1044,2026-04-01,active,99,Starter,False
C1045,2026-01-01,active,599,Business,False
C1045,2026-02-01,active,599,Business,False
C1045,2026-03-01,active,599,Business,False
C1045,2026-04-01,active,599,Business,False
C1046,2026-01-01,active,299,Team,False
C1046,2026-02-01,active,299,Team,False
C1046,2026-03-01,active,299,Team,False
C1046,2026-04-01,active,299,Team,False
C1047,2026-01-01,active,99,Starter,False
C1047,2026-02-01,active,99,Starter,False
C1047,2026-03-01,active,99,Starter,False
C1047,2026-04-01,active,99,Starter,False
C1048,2026-01-01,active,599,Business,False
C1048,2026-02-01,active,599,Business,False
C1048,2026-03-01,active,599,Business,False
C1048,2026-04-01,active,599,Business,False
C1049,2026-01-01,active,599,Business,False
C1049,2026-02-01,active,599,Business,False
C1049,2026-03-01,active,599,Business,False
C1049,2026-04-01,active,599,Business,False
C1050,2026-01-01,active,799,Business,False
C1050,2026-02-01,active,799,Business,False
C1050,2026-03-01,active,799,Business,False
C1050,2026-04-01,active,799,Business,False
C1052,2026-01-01,active,199,Team,False
C1052,2026-02-01,active,199,Team,False
C1052,2026-03-01,active,199,Team,False
C1052,2026-04-01,active,199,Team,False
C1056,2026-01-01,active,399,Team,False
C1056,2026-02-01,active,399,Team,False
C1056,2026-03-01,active,399,Team,False
C1056,2026-04-01,active,399,Team,False
C1057,2026-01-01,active,299,Team,False
C1057,2026-02-01,active,299,Team,False
C1057,2026-03-01,active,299,Team,False
C1057,2026-04-01,active,299,Team,False
C1058,2026-01-01,active,299,Team,False
C1058,2026-02-01,active,299,Team,False
C1058,2026-03-01,active,299,Team,False
C1058,2026-04-01,active,299,Team,False
C1059,2026-01-01,active,799,Business,False
C1059,2026-02-01,active,799,Business,False
C1059,2026-03-01,active,799,Business,False
C1059,2026-04-01,active,799,Business,False
C1060,2026-01-01,active,399,Team,False
C1060,2026-02-01,active,399,Team,False
C1060,2026-03-01,active,399,Team,False
C1060,2026-04-01,active,399,Team,False
C1061,2026-01-01,active,799,Business,False
C1061,2026-02-01,active,799,Business,False
C1061,2026-03-01,active,799,Business,False
C1061,2026-04-01,churned,0,Business,False
C1062,2026-01-01,active,49,Starter,False
C1062,2026-02-01,active,49,Starter,False
C1062,2026-03-01,active,49,Starter,False
C1062,2026-04-01,active,49,Starter,False
C1063,2026-01-01,active,199,Team,False
C1063,2026-02-01,active,199,Team,False
C1063,2026-03-01,active,199,Team,False
C1063,2026-04-01,active,199,Team,False
C1064,2026-01-01,active,599,Business,False
C1064,2026-02-01,active,599,Business,False
C1064,2026-03-01,active,599,Business,False
C1064,2026-04-01,active,599,Business,False
C1065,2026-01-01,active,99,Starter,False
C1065,2026-02-01,active,99,Starter,False
C1065,2026-03-01,active,99,Starter,False
C1065,2026-04-01,active,99,Starter,False
C1066,2026-01-01,active,299,Team,False
C1066,2026-02-01,active,299,Team,False
C1066,2026-03-01,active,299,Team,False
C1066,2026-04-01,active,299,Team,False
C1067,2026-03-01,active,49,Starter,False
C1067,2026-04-01,active,49,Starter,False
C1068,2026-01-01,active,49,Starter,False
C1068,2026-02-01,active,49,Starter,False
C1068,2026-03-01,active,49,Starter,False
C1068,2026-04-01,churned,0,Starter,False
C1069,2026-01-01,active,799,Business,False
C1069,2026-02-01,active,799,Business,False
C1069,2026-03-01,active,799,Business,False
C1069,2026-04-01,active,799,Business,False
C1070,2026-01-01,active,49,Starter,False
C1070,2026-02-01,active,49,Starter,False
C1070,2026-03-01,active,49,Starter,False
C1070,2026-04-01,active,49,Starter,False
C1071,2026-01-01,active,2500,Enterprise,False
C1071,2026-02-01,active,2500,Enterprise,False
C1071,2026-03-01,active,2500,Enterprise,False
C1071,2026-04-01,active,2500,Enterprise,False
C1072,2026-01-01,active,99,Starter,False
C1072,2026-02-01,active,99,Starter,False
C1072,2026-03-01,active,99,Starter,False
C1072,2026-04-01,active,99,Starter,False
C1074,2026-01-01,active,199,Team,False
C1074,2026-02-01,active,199,Team,False
C1074,2026-03-01,active,199,Team,False
C1074,2026-04-01,active,199,Team,False
C1075,2026-01-01,active,99,Starter,False
C1075,2026-02-01,active,99,Starter,False
C1075,2026-03-01,active,99,Starter,False
C1075,2026-04-01,active,99,Starter,False
C1076,2026-01-01,active,199,Team,False
C1076,2026-02-01,active,199,Team,False
C1076,2026-03-01,active,199,Team,False
C1076,2026-04-01,active,199,Team,False
C1077,2026-01-01,active,599,Business,False
C1077,2026-02-01,active,599,Business,False
C1077,2026-03-01,active,599,Business,False
C1077,2026-04-01,active,599,Business,False
C1079,2026-01-01,active,199,Team,False
C1079,2026-02-01,active,199,Team,False
C1079,2026-03-01,active,199,Team,False
C1079,2026-04-01,active,199,Team,False
C1080,2026-01-01,active,99,Starter,False
C1080,2026-02-01,active,99,Starter,False
C1080,2026-03-01,active,99,Starter,False
C1080,2026-04-01,active,99,Starter,False
C1081,2026-01-01,active,399,Team,False
C1081,2026-02-01,active,399,Team,False
C1081,2026-03-01,active,399,Team,False
C1081,2026-04-01,active,399,Team,False
C1082,2026-01-01,active,999,Business,False
C1082,2026-02-01,active,999,Business,False
C1082,2026-03-01,active,999,Business,False
C1082,2026-04-01,active,999,Business,False
C1084,2026-01-01,active,399,Team,False
C1084,2026-02-01,active,399,Team,False
C1084,2026-03-01,active,399,Team,False
C1084,2026-04-01,active,399,Team,False
C1086,2026-01-01,active,99,Starter,False
C1086,2026-02-01,active,99,Starter,False
C1086,2026-03-01,active,99,Starter,False
C1086,2026-04-01,active,99,Starter,False
C1087,2026-01-01,active,99,Starter,False
C1087,2026-02-01,active,99,Starter,False
C1087,2026-03-01,active,99,Starter,False
C1087,2026-04-01,active,99,Starter,False
C1088,2026-01-01,active,49,Starter,False
C1088,2026-02-01,active,49,Starter,False
C1088,2026-03-01,active,49,Starter,False
C1088,2026-04-01,active,49,Starter,False
C1089,2026-01-01,active,599,Business,False
C1089,2026-02-01,active,599,Business,False
C1089,2026-03-01,active,599,Business,False
C1089,2026-04-01,active,599,Business,False
C1091,2026-01-01,active,4000,Enterprise,False
C1091,2026-02-01,active,4000,Enterprise,False
C1091,2026-03-01,active,4000,Enterprise,False
C1091,2026-04-01,active,4000,Enterprise,False
C1092,2026-01-01,active,49,Starter,False
C1092,2026-02-01,active,49,Starter,False
C1092,2026-03-01,active,49,Starter,False
C1092,2026-04-01,active,49,Starter,False
C1094,2026-01-01,active,299,Team,False
C1094,2026-02-01,active,299,Team,False
C1094,2026-03-01,active,299,Team,False
C1094,2026-04-01,active,299,Team,False
C1095,2026-01-01,active,99,Starter,False
C1095,2026-02-01,active,99,Starter,False
C1095,2026-03-01,active,99,Starter,False
C1095,2026-04-01,active,99,Starter,False
C1096,2026-01-01,active,299,Team,False
C1096,2026-02-01,active,299,Team,False
C1096,2026-03-01,active,299,Team,False
C1096,2026-04-01,active,299,Team,False
C1097,2026-01-01,active,199,Team,False
C1097,2026-02-01,active,199,Team,False
C1097,2026-03-01,active,199,Team,False
C1097,2026-04-01,active,199,Team,False
C1098,2026-01-01,active,2500,Enterprise,False
C1098,2026-02-01,active,2500,Enterprise,False
C1098,2026-03-01,active,2500,Enterprise,False
C1098,2026-04-01,active,2500,Enterprise,False
C1099,2026-01-01,active,299,Team,False
C1099,2026-02-01,active,299,Team,False
C1099,2026-03-01,active,299,Team,False
C1099,2026-04-01,active,299,Team,False
C1100,2026-02-01,active,4000,Enterprise,False
C1100,2026-03-01,active,4000,Enterprise,False
C1100,2026-04-01,active,4000,Enterprise,False
C1102,2026-01-01,active,399,Team,False
C1102,2026-02-01,active,399,Team,False
C1102,2026-03-01,active,399,Team,False
C1102,2026-04-01,active,399,Team,False
C1103,2026-01-01,active,2500,Enterprise,False
C1103,2026-02-01,active,2500,Enterprise,False
C1103,2026-03-01,active,2500,Enterprise,False
C1103,2026-04-01,active,2500,Enterprise,False
C1104,2026-01-01,active,4000,Enterprise,False
C1104,2026-02-01,active,4000,Enterprise,False
C1104,2026-03-01,active,4000,Enterprise,False
C1104,2026-04-01,active,4000,Enterprise,False
C1105,2026-01-01,active,99,Starter,False
C1105,2026-02-01,churned,0,Starter,False
C1106,2026-01-01,active,99,Starter,False
C1106,2026-02-01,active,99,Starter,False
C1106,2026-03-01,active,99,Starter,False
C1106,2026-04-01,active,99,Starter,False
C1107,2026-01-01,active,49,Starter,False
C1107,2026-02-01,active,49,Starter,False
C1107,2026-03-01,active,49,Starter,False
C1107,2026-04-01,active,49,Starter,False
C1108,2026-01-01,active,399,Team,False
C1108,2026-02-01,active,399,Team,False
C1108,2026-03-01,active,399,Team,False
C1108,2026-04-01,active,399,Team,False
C1109,2026-01-01,active,199,Team,False
C1109,2026-02-01,active,199,Team,False
C1109,2026-03-01,active,199,Team,False
C1109,2026-04-01,active,199,Team,False
C1110,2026-01-01,active,49,Starter,False
C1110,2026-02-01,active,49,Starter,False
C1110,2026-03-01,active,49,Starter,False
C1110,2026-04-01,active,49,Starter,False
C1111,2026-01-01,churned,0,Starter,False
C1112,2026-01-01,active,99,Starter,False
C1112,2026-02-01,active,99,Starter,False
C1112,2026-03-01,active,99,Starter,False
C1112,2026-04-01,active,99,Starter,False
C1113,2026-01-01,active,99,Starter,False
C1113,2026-02-01,active,99,Starter,False
C1113,2026-03-01,active,99,Starter,False
C1113,2026-04-01,active,99,Starter,False
C1114,2026-01-01,active,1500,Enterprise,False
C1114,2026-02-01,active,1500,Enterprise,False
C1114,2026-03-01,active,1500,Enterprise,False
C1114,2026-04-01,active,1500,Enterprise,False
C1115,2026-01-01,active,299,Team,False
C1115,2026-02-01,active,299,Team,False
C1115,2026-03-01,active,299,Team,False
C1115,2026-04-01,active,299,Team,False
C1116,2026-01-01,active,6000,Enterprise,False
C1116,2026-02-01,active,6000,Enterprise,False
C1116,2026-03-01,active,6000,Enterprise,False
C1116,2026-04-01,active,6000,Enterprise,False
C1117,2026-01-01,active,199,Team,False
C1117,2026-02-01,active,199,Team,False
C1117,2026-03-01,active,199,Team,False
C1117,2026-04-01,active,199,Team,False
C1118,2026-01-01,active,4000,Enterprise,False
C1118,2026-02-01,active,4000,Enterprise,False
C1118,2026-03-01,active,4000,Enterprise,False
C1118,2026-04-01,active,4000,Enterprise,False
C1119,2026-01-01,active,299,Team,False
C1119,2026-02-01,active,299,Team,False
C1119,2026-03-01,active,299,Team,False
C1119,2026-04-01,active,299,Team,False
C1120,2026-01-01,active,99,Starter,False
C1120,2026-02-01,active,99,Starter,False
C1120,2026-03-01,active,99,Starter,False
C1120,2026-04-01,active,99,Starter,False
C1121,2026-01-01,active,299,Team,False
C1121,2026-02-01,active,299,Team,False
C1121,2026-03-01,active,299,Team,False
C1121,2026-04-01,active,299,Team,False
C1122,2026-01-01,active,299,Team,False
C1122,2026-02-01,active,299,Team,False
C1122,2026-03-01,active,299,Team,False
C1122,2026-04-01,active,299,Team,False
C1127,2026-03-01,active,599,Business,False
C1127,2026-04-01,active,599,Business,False
C1128,2026-01-01,active,49,Starter,False
C1128,2026-02-01,active,49,Starter,False
C1128,2026-03-01,active,49,Starter,False
C1128,2026-04-01,active,49,Starter,False
C1129,2026-01-01,active,399,Team,False
C1129,2026-02-01,active,399,Team,False
C1129,2026-03-01,active,399,Team,False
C1129,2026-04-01,active,399,Team,False
C1130,2026-01-01,active,49,Starter,False
C1130,2026-02-01,active,49,Starter,False
C1130,2026-03-01,active,49,Starter,False
C1130,2026-04-01,active,49,Starter,False
C1131,2026-01-01,active,299,Team,False
C1131,2026-02-01,active,299,Team,False
C1131,2026-03-01,active,299,Team,False
C1131,2026-04-01,active,299,Team,False
C1133,2026-01-01,active,599,Business,False
C1133,2026-02-01,active,599,Business,False
C1133,2026-03-01,active,599,Business,False
C1133,2026-04-01,active,599,Business,False
C1134,2026-01-01,active,199,Team,False
C1134,2026-02-01,active,199,Team,False
C1134,2026-03-01,active,199,Team,False
C1134,2026-04-01,active,199,Team,False
C1135,2026-01-01,active,49,Starter,False
C1135,2026-02-01,active,49,Starter,False
C1135,2026-03-01,active,49,Starter,False
C1135,2026-04-01,active,49,Starter,False
C1137,2026-02-01,active,49,Starter,False
C1137,2026-03-01,active,49,Starter,False
C1137,2026-04-01,active,49,Starter,False
C1138,2026-01-01,active,799,Business,False
C1138,2026-02-01,active,799,Business,False
C1138,2026-03-01,active,799,Business,False
C1138,2026-04-01,active,799,Business,False
C1139,2026-01-01,active,99,Starter,False
C1139,2026-02-01,active,99,Starter,False
C1139,2026-03-01,active,99,Starter,False
C1139,2026-04-01,active,99,Starter,False
C1141,2026-01-01,active,1500,Enterprise,False
C1141,2026-02-01,active,1500,Enterprise,False
C1141,2026-03-01,active,1500,Enterprise,False
C1141,2026-04-01,active,1500,Enterprise,False
C1142,2026-01-01,active,99,Starter,False
C1142,2026-02-01,active,99,Starter,False
C1142,2026-03-01,active,99,Starter,False
C1142,2026-04-01,active,99,Starter,False
C1143,2026-01-01,active,399,Team,False
C1143,2026-02-01,active,399,Team,False
C1143,2026-03-01,active,399,Team,False
C1143,2026-04-01,active,399,Team,False
C1145,2026-01-01,active,299,Team,False
C1145,2026-02-01,active,299,Team,False
C1145,2026-03-01,active,299,Team,False
C1145,2026-04-01,active,299,Team,False
C1146,2026-01-01,active,99,Starter,False
C1146,2026-02-01,active,99,Starter,False
C1146,2026-03-01,churned,0,Starter,False
C1147,2026-01-01,active,999,Business,False
C1147,2026-02-01,active,999,Business,False
C1147,2026-03-01,active,999,Business,False
C1147,2026-04-01,active,999,Business,False
C1148,2026-01-01,active,99,Starter,False
C1148,2026-02-01,active,99,Starter,False
C1148,2026-03-01,active,99,Starter,False
C1148,2026-04-01,active,99,Starter,False
C1149,2026-01-01,active,299,Team,False
C1149,2026-02-01,active,299,Team,False
C1149,2026-03-01,active,299,Team,False
C1149,2026-04-01,active,299,Team,False
C1150,2026-01-01,active,1500,Enterprise,False
C1150,2026-02-01,active,1500,Enterprise,False
C1150,2026-03-01,active,1500,Enterprise,False
C1150,2026-04-01,active,1500,Enterprise,False
C1152,2026-01-01,active,49,Starter,False
C1152,2026-02-01,active,49,Starter,False
C1152,2026-03-01,active,49,Starter,False
C1152,2026-04-01,active,49,Starter,False
C1153,2026-01-01,active,1500,Enterprise,False
C1153,2026-02-01,active,1500,Enterprise,False
C1153,2026-03-01,active,1500,Enterprise,False
C1153,2026-04-01,active,1500,Enterprise,False
C1155,2026-01-01,active,49,Starter,False
C1155,2026-02-01,active,49,Starter,False
C1155,2026-03-01,active,49,Starter,False
C1155,2026-04-01,active,49,Starter,False
C1156,2026-01-01,active,399,Team,False
C1156,2026-02-01,active,399,Team,False
C1156,2026-03-01,active,399,Team,False
C1156,2026-04-01,active,399,Team,False
C1157,2026-01-01,active,299,Team,False
C1157,2026-02-01,active,299,Team,False
C1157,2026-03-01,active,299,Team,False
C1157,2026-04-01,active,299,Team,False
C1158,2026-01-01,active,599,Business,False
C1158,2026-02-01,active,599,Business,False
C1158,2026-03-01,active,599,Business,False
C1158,2026-04-01,active,599,Business,False
C1159,2026-01-01,active,99,Starter,False
C1159,2026-02-01,active,99,Starter,False
C1159,2026-03-01,active,99,Starter,False
C1159,2026-04-01,active,99,Starter,False
C1160,2026-01-01,active,399,Team,False
C1160,2026-02-01,active,399,Team,False
C1160,2026-03-01,active,399,Team,False
C1160,2026-04-01,active,399,Team,False
C1161,2026-01-01,active,299,Team,False
C1161,2026-02-01,active,299,Team,False
C1161,2026-03-01,active,299,Team,False
C1161,2026-04-01,active,299,Team,False
C1162,2026-01-01,active,399,Team,False
C1162,2026-02-01,active,399,Team,False
C1162,2026-03-01,active,399,Team,False
C1162,2026-04-01,active,399,Team,False
C1163,2026-01-01,active,999,Business,False
C1163,2026-02-01,active,999,Business,False
C1163,2026-03-01,active,999,Business,False
C1163,2026-04-01,active,999,Business,False
C1164,2026-01-01,active,6000,Enterprise,False
C1164,2026-02-01,active,6000,Enterprise,False
C1164,2026-03-01,active,6000,Enterprise,False
C1164,2026-04-01,active,6000,Enterprise,False
C1165,2026-01-01,active,2500,Enterprise,False
C1165,2026-02-01,active,2500,Enterprise,False
C1165,2026-03-01,active,2500,Enterprise,False
C1165,2026-04-01,active,2500,Enterprise,False
C1166,2026-01-01,active,799,Business,False
C1166,2026-02-01,active,799,Business,False
C1166,2026-03-01,active,799,Business,False
C1166,2026-04-01,active,799,Business,False
C1170,2026-01-01,active,399,Team,False
C1170,2026-02-01,active,399,Team,False
C1170,2026-03-01,churned,0,Team,False
C1171,2026-01-01,active,49,Starter,False
C1171,2026-02-01,active,49,Starter,False
C1171,2026-03-01,active,49,Starter,False
C1171,2026-04-01,active,49,Starter,False
C1172,2026-01-01,active,299,Team,False
C1172,2026-02-01,active,299,Team,False
C1172,2026-03-01,active,299,Team,False
C1172,2026-04-01,active,299,Team,False
C1173,2026-01-01,active,599,Business,False
C1173,2026-02-01,active,599,Business,False
C1173,2026-03-01,active,599,Business,False
C1173,2026-04-01,active,599,Business,False
C1174,2026-02-01,active,49,Starter,False
C1174,2026-03-01,active,49,Starter,False
C1174,2026-04-01,active,49,Starter,False
C1176,2026-01-01,active,299,Team,False
C1176,2026-02-01,active,299,Team,False
C1176,2026-03-01,active,299,Team,False
C1176,2026-04-01,active,299,Team,False
C1178,2026-01-01,active,49,Starter,False
C1178,2026-02-01,active,49,Starter,False
C1178,2026-03-01,active,49,Starter,False
C1178,2026-04-01,active,49,Starter,False
C1179,2026-01-01,active,399,Team,False
C1179,2026-02-01,active,399,Team,False
C1179,2026-03-01,active,399,Team,False
C1179,2026-04-01,active,399,Team,False
C1180,2026-01-01,active,999,Business,False
C1180,2026-02-01,active,999,Business,False
C1180,2026-03-01,active,999,Business,False
C1180,2026-04-01,active,999,Business,False
C1181,2026-01-01,active,399,Team,False
C1181,2026-02-01,active,399,Team,False
C1181,2026-03-01,active,399,Team,False
C1181,2026-04-01,active,399,Team,False
C1182,2026-01-01,active,49,Starter,False
C1182,2026-02-01,active,49,Starter,False
C1182,2026-03-01,active,49,Starter,False
C1182,2026-04-01,active,49,Starter,False
C1183,2026-03-01,active,399,Team,False
C1183,2026-04-01,active,399,Team,False
C1184,2026-03-01,active,99,Starter,False
C1184,2026-04-01,active,99,Starter,False
C1185,2026-01-01,active,99,Starter,False
C1185,2026-02-01,active,99,Starter,False
C1185,2026-03-01,active,99,Starter,False
C1185,2026-04-01,active,99,Starter,False
C1187,2026-01-01,active,299,Team,False
C1187,2026-02-01,active,299,Team,False
C1187,2026-03-01,active,299,Team,False
C1187,2026-04-01,active,299,Team,False
C1188,2026-01-01,active,199,Team,False
C1188,2026-02-01,active,199,Team,False
C1188,2026-03-01,active,199,Team,False
C1188,2026-04-01,active,199,Team,False
C1189,2026-01-01,active,299,Team,False
C1189,2026-02-01,active,299,Team,False
C1189,2026-03-01,active,299,Team,False
C1189,2026-04-01,active,299,Team,False
C1190,2026-01-01,active,399,Team,False
C1190,2026-02-01,active,399,Team,False
C1190,2026-03-01,active,399,Team,False
C1190,2026-04-01,active,399,Team,False
C1191,2026-03-01,active,299,Team,False
C1191,2026-04-01,active,299,Team,False
C1192,2026-01-01,active,99,Starter,False
C1192,2026-02-01,active,99,Starter,False
C1192,2026-03-01,active,99,Starter,False
C1192,2026-04-01,active,99,Starter,False
C1193,2026-01-01,active,399,Team,False
C1193,2026-02-01,active,399,Team,False
C1193,2026-03-01,active,399,Team,False
C1193,2026-04-01,active,399,Team,False
C1194,2026-01-01,active,99,Starter,False
C1194,2026-02-01,active,99,Starter,False
C1194,2026-03-01,active,99,Starter,False
C1194,2026-04-01,active,99,Starter,False
C1195,2026-01-01,active,2500,Enterprise,False
C1195,2026-02-01,active,2500,Enterprise,False
C1195,2026-03-01,active,2500,Enterprise,False
C1195,2026-04-01,active,2500,Enterprise,False
C1197,2026-02-01,active,399,Team,False
C1197,2026-03-01,active,399,Team,False
C1197,2026-04-01,active,399,Team,False
C1198,2026-01-01,active,399,Team,False
C1198,2026-02-01,active,399,Team,False
C1198,2026-03-01,active,399,Team,False
C1198,2026-04-01,active,399,Team,False
C1199,2026-01-01,active,99,Starter,False
C1199,2026-02-01,active,99,Starter,False
C1199,2026-03-01,active,99,Starter,False
C1199,2026-04-01,active,99,Starter,False
C1200,2026-01-01,active,599,Business,False
C1200,2026-02-01,active,599,Business,False
C1200,2026-03-01,active,599,Business,False
C1200,2026-04-01,active,599,Business,False
C1201,2026-01-01,active,49,Starter,False
C1201,2026-02-01,active,49,Starter,False
C1201,2026-03-01,active,49,Starter,False
C1201,2026-04-01,active,49,Starter,False
C1202,2026-01-01,active,49,Starter,False
C1202,2026-02-01,active,49,Starter,False
C1202,2026-03-01,active,49,Starter,False
C1202,2026-04-01,active,49,Starter,False
C1203,2026-01-01,churned,0,Business,False
C1204,2026-01-01,active,299,Team,False
C1204,2026-02-01,active,299,Team,False
C1204,2026-03-01,active,299,Team,False
C1204,2026-04-01,active,299,Team,False
C1205,2026-01-01,active,99,Starter,False
C1205,2026-02-01,active,99,Starter,False
C1205,2026-03-01,active,99,Starter,False
C1205,2026-04-01,active,99,Starter,False
C1206,2026-01-01,active,199,Team,False
C1206,2026-02-01,active,199,Team,False
C1206,2026-03-01,active,199,Team,False
C1206,2026-04-01,active,199,Team,False
C1207,2026-01-01,active,799,Business,False
C1207,2026-02-01,active,799,Business,False
C1207,2026-03-01,active,799,Business,False
C1207,2026-04-01,active,799,Business,False
C1211,2026-03-01,active,299,Team,False
C1211,2026-04-01,active,299,Team,False
C1212,2026-01-01,active,599,Business,False
C1212,2026-02-01,active,599,Business,False
C1212,2026-03-01,active,599,Business,False
C1212,2026-04-01,active,599,Business,False
C1213,2026-01-01,active,99,Starter,False
C1213,2026-02-01,active,99,Starter,False
C1213,2026-03-01,active,99,Starter,False
C1213,2026-04-01,active,99,Starter,False
C1215,2026-01-01,active,799,Business,False
C1215,2026-02-01,active,799,Business,False
C1215,2026-03-01,active,799,Business,False
C1215,2026-04-01,active,799,Business,False
C1216,2026-01-01,active,799,Business,False
C1216,2026-02-01,active,799,Business,False
C1216,2026-03-01,active,799,Business,False
C1216,2026-04-01,active,799,Business,False
C1217,2026-01-01,active,799,Business,False
C1217,2026-02-01,active,799,Business,False
C1217,2026-03-01,active,799,Business,False
C1217,2026-04-01,active,799,Business,False
C1218,2026-01-01,active,999,Business,False
C1218,2026-02-01,active,999,Business,False
C1218,2026-03-01,active,999,Business,False
C1218,2026-04-01,active,999,Business,False
C1220,2026-01-01,active,999,Business,False
C1220,2026-02-01,active,999,Business,False
C1220,2026-03-01,active,999,Business,False
C1220,2026-04-01,active,999,Business,False
C1221,2026-01-01,active,299,Team,False
C1221,2026-02-01,active,299,Team,False
C1221,2026-03-01,active,299,Team,False
C1221,2026-04-01,active,299,Team,False
C1222,2026-01-01,active,599,Business,False
C1222,2026-02-01,active,599,Business,False
C1222,2026-03-01,active,599,Business,False
C1222,2026-04-01,active,599,Business,False
C1223,2026-01-01,active,99,Starter,False
C1223,2026-02-01,active,99,Starter,False
C1223,2026-03-01,active,99,Starter,False
C1223,2026-04-01,active,99,Starter,False
C1224,2026-02-01,active,99,Starter,False
C1224,2026-03-01,active,99,Starter,False
C1224,2026-04-01,active,99,Starter,False
C1225,2026-01-01,active,199,Team,False
C1225,2026-02-01,active,199,Team,False
C1225,2026-03-01,active,199,Team,False
C1225,2026-04-01,active,199,Team,False
C1226,2026-01-01,active,299,Team,False
C1226,2026-02-01,active,299,Team,False
C1226,2026-03-01,active,299,Team,False
C1226,2026-04-01,active,299,Team,False
C1228,2026-01-01,active,99,Starter,False
C1228,2026-02-01,active,99,Starter,False
C1228,2026-03-01,active,99,Starter,False
C1228,2026-04-01,active,99,Starter,False
C1229,2026-01-01,active,399,Team,False
C1229,2026-02-01,active,399,Team,False
C1229,2026-03-01,active,399,Team,False
C1229,2026-04-01,active,399,Team,False
C1231,2026-01-01,active,399,Team,False
C1231,2026-02-01,active,399,Team,False
C1231,2026-03-01,active,399,Team,False
C1231,2026-04-01,active,399,Team,False
C1232,2026-01-01,active,299,Team,False
C1232,2026-02-01,active,299,Team,False
C1232,2026-03-01,active,299,Team,False
C1232,2026-04-01,active,299,Team,False
C1233,2026-01-01,active,4000,Enterprise,False
C1233,2026-02-01,active,4000,Enterprise,False
C1233,2026-03-01,churned,0,Enterprise,False
C1234,2026-01-01,active,799,Business,False
C1234,2026-02-01,active,799,Business,False
C1234,2026-03-01,active,799,Business,False
C1234,2026-04-01,active,799,Business,False
C1235,2026-01-01,active,399,Team,False
C1235,2026-02-01,active,399,Team,False
C1235,2026-03-01,active,399,Team,False
C1235,2026-04-01,active,399,Team,False
C1236,2026-01-01,active,999,Business,False
C1236,2026-02-01,active,999,Business,False
C1236,2026-03-01,active,999,Business,False
C1236,2026-04-01,active,999,Business,False
C1237,2026-01-01,active,399,Team,False
C1237,2026-02-01,active,399,Team,False
C1237,2026-03-01,churned,0,Team,False
C1238,2026-01-01,active,599,Business,False
C1238,2026-02-01,active,599,Business,False
C1238,2026-03-01,active,599,Business,False
C1238,2026-04-01,active,599,Business,False
C1239,2026-01-01,active,99,Starter,False
C1239,2026-02-01,active,99,Starter,False
C1239,2026-03-01,active,99,Starter,False
C1239,2026-04-01,active,99,Starter,False
C1240,2026-02-01,active,399,Team,False
C1240,2026-03-01,active,399,Team,False
C1240,2026-04-01,active,399,Team,False
C1241,2026-01-01,active,999,Business,False
C1241,2026-02-01,active,999,Business,False
C1241,2026-03-01,active,999,Business,False
C1241,2026-04-01,active,999,Business,False
C1242,2026-01-01,active,399,Team,False
C1242,2026-02-01,active,399,Team,False
C1242,2026-03-01,active,399,Team,False
C1242,2026-04-01,active,399,Team,False
C1243,2026-01-01,active,999,Business,False
C1243,2026-02-01,active,999,Business,False
C1243,2026-03-01,active,999,Business,False
C1243,2026-04-01,active,999,Business,False
C1244,2026-01-01,active,49,Starter,False
C1244,2026-02-01,active,49,Starter,False
C1244,2026-03-01,active,49,Starter,False
C1244,2026-04-01,active,49,Starter,False
C1245,2026-01-01,active,4000,Enterprise,False
C1245,2026-02-01,active,4000,Enterprise,False
C1245,2026-03-01,active,4000,Enterprise,False
C1245,2026-04-01,active,4000,Enterprise,False
C1246,2026-01-01,active,799,Business,False
C1246,2026-02-01,active,799,Business,False
C1246,2026-03-01,active,799,Business,False
C1246,2026-04-01,active,799,Business,False
C1248,2026-01-01,active,99,Starter,False
C1248,2026-02-01,active,99,Starter,False
C1248,2026-03-01,active,99,Starter,False
C1248,2026-04-01,active,99,Starter,False
C1249,2026-01-01,active,299,Team,False
C1249,2026-02-01,active,299,Team,False
C1249,2026-03-01,active,299,Team,False
C1249,2026-04-01,active,299,Team,False
C1250,2026-01-01,active,99,Starter,False
C1250,2026-02-01,active,99,Starter,False
C1250,2026-03-01,active,99,Starter,False
C1250,2026-04-01,active,99,Starter,False
C1251,2026-01-01,active,49,Starter,False
C1251,2026-02-01,active,49,Starter,False
C1251,2026-03-01,active,49,Starter,False
C1251,2026-04-01,active,49,Starter,False
C1252,2026-01-01,active,999,Business,False
C1252,2026-02-01,active,999,Business,False
C1252,2026-03-01,active,999,Business,False
C1252,2026-04-01,active,999,Business,False
C1254,2026-01-01,active,199,Team,False
C1254,2026-02-01,active,199,Team,False
C1254,2026-03-01,active,199,Team,False
C1254,2026-04-01,active,199,Team,False
C1255,2026-01-01,active,99,Starter,False
C1255,2026-02-01,active,99,Starter,False
C1255,2026-03-01,active,99,Starter,False
C1255,2026-04-01,active,99,Starter,False
C1256,2026-01-01,active,999,Business,False
C1256,2026-02-01,active,999,Business,False
C1256,2026-03-01,active,999,Business,False
C1256,2026-04-01,active,999,Business,False
C1257,2026-03-01,active,49,Starter,False
C1257,2026-04-01,active,49,Starter,False
C1258,2026-01-01,active,199,Team,False
C1258,2026-02-01,active,199,Team,False
C1258,2026-03-01,active,199,Team,False
C1258,2026-04-01,active,199,Team,False
C1259,2026-01-01,churned,0,Team,False
C1260,2026-01-01,active,399,Team,False
C1260,2026-02-01,active,399,Team,False
C1260,2026-03-01,active,399,Team,False
C1260,2026-04-01,active,399,Team,False
C1261,2026-01-01,active,399,Team,False
C1261,2026-02-01,active,399,Team,False
C1261,2026-03-01,active,399,Team,False
C1261,2026-04-01,active,399,Team,False
C1262,2026-01-01,active,399,Team,False
C1262,2026-02-01,active,399,Team,False
C1262,2026-03-01,active,399,Team,False
C1262,2026-04-01,active,399,Team,False
C1263,2026-02-01,active,199,Team,False
C1263,2026-03-01,active,199,Team,False
C1263,2026-04-01,active,199,Team,False
C1264,2026-01-01,active,999,Business,False
C1264,2026-02-01,active,999,Business,False
C1264,2026-03-01,active,999,Business,False
C1264,2026-04-01,active,999,Business,False
C1266,2026-01-01,active,99,Starter,False
C1266,2026-02-01,active,99,Starter,False
C1266,2026-03-01,churned,0,Starter,False
C1268,2026-01-01,active,49,Starter,False
C1268,2026-02-01,active,49,Starter,False
C1268,2026-03-01,active,49,Starter,False
C1268,2026-04-01,active,49,Starter,False
C1269,2026-01-01,active,999,Business,False
C1269,2026-02-01,active,999,Business,False
C1269,2026-03-01,active,999,Business,False
C1269,2026-04-01,active,999,Business,False
C1270,2026-01-01,active,599,Business,False
C1270,2026-02-01,active,599,Business,False
C1270,2026-03-01,active,599,Business,False
C1270,2026-04-01,active,599,Business,False
C1271,2026-01-01,active,49,Starter,False
C1271,2026-02-01,active,49,Starter,False
C1271,2026-03-01,active,49,Starter,False
C1271,2026-04-01,active,49,Starter,False
C1272,2026-01-01,active,599,Business,False
C1272,2026-02-01,active,599,Business,False
C1272,2026-03-01,active,599,Business,False
C1272,2026-04-01,active,599,Business,False
C1273,2026-01-01,active,599,Business,False
C1273,2026-02-01,active,599,Business,False
C1273,2026-03-01,active,599,Business,False
C1273,2026-04-01,active,599,Business,False
C1274,2026-01-01,active,299,Team,False
C1274,2026-02-01,active,299,Team,False
C1274,2026-03-01,active,299,Team,False
C1274,2026-04-01,active,299,Team,False
C1275,2026-01-01,active,599,Business,False
C1275,2026-02-01,active,599,Business,False
C1275,2026-03-01,active,599,Business,False
C1275,2026-04-01,active,599,Business,False
C1276,2026-01-01,active,999,Business,False
C1276,2026-02-01,active,999,Business,False
C1276,2026-03-01,active,999,Business,False
C1276,2026-04-01,active,999,Business,False
C1278,2026-01-01,active,599,Business,False
C1278,2026-02-01,active,599,Business,False
C1278,2026-03-01,active,599,Business,False
C1278,2026-04-01,active,599,Business,False
C1279,2026-01-01,active,299,Team,False
C1279,2026-02-01,active,299,Team,False
C1279,2026-03-01,active,299,Team,False
C1279,2026-04-01,active,299,Team,False
C1280,2026-02-01,trial,0,Trial,True
C1280,2026-03-01,trial,0,Trial,True
C1280,2026-04-01,churned,0,Trial,True
C1281,2026-01-01,trial,0,Trial,True
C1281,2026-02-01,trial,0,Trial,True
C1281,2026-03-01,trial,0,Trial,True
C1281,2026-04-01,churned,0,Trial,True
C1282,2026-03-01,trial,0,Trial,True
C1282,2026-04-01,trial,0,Trial,True
C1283,2026-03-01,trial,0,Trial,True
C1283,2026-04-01,trial,0,Trial,True
C1284,2026-04-01,trial,0,Trial,True
C1285,2026-03-01,trial,0,Trial,True
C1285,2026-04-01,trial,0,Trial,True
C1286,2026-02-01,trial,0,Trial,True
C1286,2026-03-01,trial,0,Trial,True
C1286,2026-04-01,churned,0,Trial,True
C1287,2026-01-01,trial,0,Trial,True
C1287,2026-02-01,trial,0,Trial,True
C1287,2026-03-01,trial,0,Trial,True
C1287,2026-04-01,trial,0,Trial,True
C1288,2026-04-01,trial,0,Trial,True
C1289,2026-02-01,trial,0,Trial,True
C1289,2026-03-01,trial,0,Trial,True
C1289,2026-04-01,churned,0,Trial,True
C1290,2026-04-01,trial,0,Trial,True
C1291,2026-01-01,trial,0,Trial,True
C1291,2026-02-01,trial,0,Trial,True
C1291,2026-03-01,trial,0,Trial,True
C1291,2026-04-01,churned,0,Trial,True
C1292,2026-04-01,trial,0,Trial,True
C1293,2026-01-01,trial,0,Trial,True
C1293,2026-02-01,trial,0,Trial,True
C1293,2026-03-01,trial,0,Trial,True
C1293,2026-04-01,churned,0,Trial,True
C1294,2026-04-01,trial,0,Trial,True
C1295,2026-01-01,trial,0,Trial,True
C1295,2026-02-01,trial,0,Trial,True
C1295,2026-03-01,churned,0,Trial,True
C1296,2026-03-01,trial,0,Trial,True
C1296,2026-04-01,trial,0,Trial,True
C1297,2026-01-01,trial,0,Trial,True
C1297,2026-02-01,trial,0,Trial,True
C1297,2026-03-01,churned,0,Trial,True
C1298,2026-03-01,trial,0,Trial,True
C1298,2026-04-01,trial,0,Trial,True
C1299,2026-01-01,trial,0,Trial,True
C1299,2026-02-01,trial,0,Trial,True
C1299,2026-03-01,trial,0,Trial,True
C1299,2026-04-01,trial,0,Trial,True
C1300,2026-01-01,trial,0,Trial,True
C1300,2026-02-01,trial,0,Trial,True
C1300,2026-03-01,churned,0,Trial,True
C1301,2026-04-01,trial,0,Trial,True
C1302,2026-03-01,trial,0,Trial,True
C1302,2026-04-01,trial,0,Trial,True
C1303,2026-01-01,trial,0,Trial,True
C1303,2026-02-01,trial,0,Trial,True
C1303,2026-03-01,trial,0,Trial,True
C1303,2026-04-01,trial,0,Trial,True
C1304,2026-04-01,trial,0,Trial,True
C1305,2026-02-01,trial,0,Trial,True
C1305,2026-03-01,trial,0,Trial,True
C1305,2026-04-01,trial,0,Trial,True
C1306,2026-04-01,trial,0,Trial,True
C1307,2026-01-01,trial,0,Trial,True
C1307,2026-02-01,trial,0,Trial,True
C1307,2026-03-01,churned,0,Trial,True
C1308,2026-01-01,trial,0,Trial,True
C1308,2026-02-01,trial,0,Trial,True
C1308,2026-03-01,trial,0,Trial,True
C1308,2026-04-01,churned,0,Trial,True
C1309,2026-01-01,trial,0,Trial,True
C1309,2026-02-01,trial,0,Trial,True
C1309,2026-03-01,churned,0,Trial,True
C1310,2026-01-01,trial,0,Trial,True
C1310,2026-02-01,trial,0,Trial,True
C1310,2026-03-01,trial,0,Trial,True
C1310,2026-04-01,churned,0,Trial,True
C1311,2026-04-01,trial,0,Trial,True
C1312,2026-04-01,trial,0,Trial,True
C1313,2026-02-01,trial,0,Trial,True
C1313,2026-03-01,trial,0,Trial,True
C1313,2026-04-01,trial,0,Trial,True
C1314,2026-02-01,trial,0,Trial,True
C1314,2026-03-01,trial,0,Trial,True
C1314,2026-04-01,trial,0,Trial,True
C1315,2026-02-01,trial,0,Trial,True
C1315,2026-03-01,trial,0,Trial,True
C1315,2026-04-01,trial,0,Trial,True
C1316,2026-03-01,trial,0,Trial,True
C1316,2026-04-01,trial,0,Trial,True
C1317,2026-02-01,trial,0,Trial,True
C1317,2026-03-01,trial,0,Trial,True
C1317,2026-04-01,trial,0,Trial,True
C1318,2026-02-01,trial,0,Trial,True
C1318,2026-03-01,trial,0,Trial,True
C1318,2026-04-01,trial,0,Trial,True
C1319,2026-01-01,trial,0,Trial,True
C1319,2026-02-01,trial,0,Trial,True
C1319,2026-03-01,trial,0,Trial,True
C1319,2026-04-01,trial,0,Trial,True
C1320,2026-01-01,trial,0,Trial,True
C1320,2026-02-01,trial,0,Trial,True
C1320,2026-03-01,trial,0,Trial,True
C1320,2026-04-01,trial,0,Trial,True
C1321,2026-03-01,trial,0,Trial,True
C1321,2026-04-01,trial,0,Trial,True
C1322,2026-03-01,trial,0,Trial,True
C1322,2026-04-01,trial,0,Trial,True
C1323,2026-02-01,trial,0,Trial,True
C1323,2026-03-01,trial,0,Trial,True
C1323,2026-04-01,trial,0,Trial,True
C1324,2026-02-01,trial,0,Trial,True
C1324,2026-03-01,trial,0,Trial,True
C1324,2026-04-01,trial,0,Trial,True
C1325,2026-04-01,trial,0,Trial,True
C1326,2026-03-01,trial,0,Trial,True
C1326,2026-04-01,trial,0,Trial,True
C1327,2026-01-01,trial,0,Trial,True
C1327,2026-02-01,trial,0,Trial,True
C1327,2026-03-01,trial,0,Trial,True
C1327,2026-04-01,trial,0,Trial,True
C1328,2026-01-01,trial,0,Trial,True
C1328,2026-02-01,trial,0,Trial,True
C1328,2026-03-01,churned,0,Trial,True
C1329,2026-03-01,trial,0,Trial,True
C1329,2026-04-01,trial,0,Trial,True
C1330,2026-01-01,trial,0,Trial,True
C1330,2026-02-01,trial,0,Trial,True
C1330,2026-03-01,churned,0,Trial,True
C1331,2026-02-01,trial,0,Trial,True
C1331,2026-03-01,trial,0,Trial,True
C1331,2026-04-01,trial,0,Trial,True
C1332,2026-01-01,trial,0,Trial,True
C1332,2026-02-01,trial,0,Trial,True
C1332,2026-03-01,trial,0,Trial,True
C1332,2026-04-01,churned,0,Trial,True
C1333,2026-01-01,trial,0,Trial,True
C1333,2026-02-01,trial,0,Trial,True
C1333,2026-03-01,churned,0,Trial,True
C1334,2026-01-01,trial,0,Trial,True
C1334,2026-02-01,trial,0,Trial,True
C1334,2026-03-01,churned,0,Trial,True
C1335,2026-03-01,trial,0,Trial,True
C1335,2026-04-01,trial,0,Trial,True
C1336,2026-04-01,trial,0,Trial,True
C1337,2026-01-01,trial,0,Trial,True
C1337,2026-02-01,trial,0,Trial,True
C1337,2026-03-01,churned,0,Trial,True
C1338,2026-03-01,trial,0,Trial,True
C1338,2026-04-01,trial,0,Trial,True
C1339,2026-02-01,trial,0,Trial,True
C1339,2026-03-01,trial,0,Trial,True
C1339,2026-04-01,trial,0,Trial,True
C1340,2026-03-01,trial,0,Trial,True
C1340,2026-04-01,trial,0,Trial,True
C1341,2026-03-01,trial,0,Trial,True
C1341,2026-04-01,trial,0,Trial,True
C1342,2026-03-01,trial,0,Trial,True
C1342,2026-04-01,trial,0,Trial,True
C1343,2026-03-01,trial,0,Trial,True
C1343,2026-04-01,trial,0,Trial,True
C1344,2026-03-01,trial,0,Trial,True
C1344,2026-04-01,trial,0,Trial,True
C1345,2026-02-01,trial,0,Trial,True
C1345,2026-03-01,trial,0,Trial,True
C1345,2026-04-01,churned,0,Trial,True
C1346,2026-01-01,trial,0,Trial,True
C1346,2026-02-01,trial,0,Trial,True
C1346,2026-03-01,churned,0,Trial,True
C1347,2026-01-01,trial,0,Trial,True
C1347,2026-02-01,trial,0,Trial,True
C1347,2026-03-01,churned,0,Trial,True
C1348,2026-04-01,trial,0,Trial,True
C1349,2026-01-01,trial,0,Trial,True
C1349,2026-02-01,trial,0,Trial,True
C1349,2026-03-01,churned,0,Trial,True
C1350,2026-03-01,trial,0,Trial,True
C1350,2026-04-01,trial,0,Trial,True
C1351,2026-02-01,trial,0,Trial,True
C1351,2026-03-01,trial,0,Trial,True
C1351,2026-04-01,trial,0,Trial,True
C1352,2026-03-01,trial,0,Trial,True
C1352,2026-04-01,trial,0,Trial,True
C1353,2026-02-01,trial,0,Trial,True
C1353,2026-03-01,trial,0,Trial,True
C1353,2026-04-01,trial,0,Trial,True
C1354,2026-01-01,trial,0,Trial,True
C1354,2026-02-01,trial,0,Trial,True
C1354,2026-03-01,trial,0,Trial,True
C1354,2026-04-01,churned,0,Trial,True
C1355,2026-03-01,trial,0,Trial,True
C1355,2026-04-01,trial,0,Trial,True
C1356,2026-01-01,trial,0,Trial,True
C1356,2026-02-01,trial,0,Trial,True
C1356,2026-03-01,trial,0,Trial,True
C1356,2026-04-01,trial,0,Trial,True
C1357,2026-03-01,trial,0,Trial,True
C1357,2026-04-01,trial,0,Trial,True
C1358,2026-01-01,trial,0,Trial,True
C1358,2026-02-01,trial,0,Trial,True
C1358,2026-03-01,trial,0,Trial,True
C1358,2026-04-01,trial,0,Trial,True
C1359,2026-02-01,trial,0,Trial,True
C1359,2026-03-01,trial,0,Trial,True
C1359,2026-04-01,churned,0,Trial,True
C1360,2026-01-01,trial,0,Trial,True
C1360,2026-02-01,trial,0,Trial,True
C1360,2026-03-01,churned,0,Trial,True
C1361,2026-01-01,trial,0,Trial,True
C1361,2026-02-01,trial,0,Trial,True
C1361,2026-03-01,churned,0,Trial,True
C1362,2026-03-01,trial,0,Trial,True
C1362,2026-04-01,trial,0,Trial,True
C1363,2026-03-01,trial,0,Trial,True
C1363,2026-04-01,trial,0,Trial,True
C1364,2026-01-01,trial,0,Trial,True
C1364,2026-02-01,trial,0,Trial,True
C1364,2026-03-01,trial,0,Trial,True
C1364,2026-04-01,trial,0,Trial,True
C1365,2026-02-01,trial,0,Trial,True
C1365,2026-03-01,trial,0,Trial,True
C1365,2026-04-01,trial,0,Trial,True
C1366,2026-03-01,trial,0,Trial,True
C1366,2026-04-01,trial,0,Trial,True
C1367,2026-02-01,trial,0,Trial,True
C1367,2026-03-01,trial,0,Trial,True
C1367,2026-04-01,churned,0,Trial,True
C1368,2026-03-01,trial,0,Trial,True
C1368,2026-04-01,trial,0,Trial,True
C1369,2026-03-01,trial,0,Trial,True
C1369,2026-04-01,trial,0,Trial,True
C1370,2026-01-01,trial,0,Trial,True
C1370,2026-02-01,trial,0,Trial,True
C1370,2026-03-01,churned,0,Trial,True
C1371,2026-01-01,trial,0,Trial,True
C1371,2026-02-01,trial,0,Trial,True
C1371,2026-03-01,trial,0,Trial,True
C1371,2026-04-01,trial,0,Trial,True
C1372,2026-04-01,trial,0,Trial,True
C1373,2026-03-01,trial,0,Trial,True
C1373,2026-04-01,trial,0,Trial,True
C1374,2026-04-01,trial,0,Trial,True
C1375,2026-01-01,trial,0,Trial,True
C1375,2026-02-01,trial,0,Trial,True
C1375,2026-03-01,trial,0,Trial,True
C1375,2026-04-01,churned,0,Trial,True
C1376,2026-03-01,trial,0,Trial,True
C1376,2026-04-01,trial,0,Trial,True
C1377,2026-03-01,trial,0,Trial,True
C1377,2026-04-01,trial,0,Trial,True
C1378,2026-02-01,trial,0,Trial,True
C1378,2026-03-01,trial,0,Trial,True
C1378,2026-04-01,churned,0,Trial,True
C1379,2026-03-01,trial,0,Trial,True
C1379,2026-04-01,trial,0,Trial,True
C1380,2026-04-01,trial,0,Trial,True
C1381,2026-04-01,trial,0,Trial,True
C1382,2026-01-01,trial,0,Trial,True
C1382,2026-02-01,trial,0,Trial,True
C1382,2026-03-01,trial,0,Trial,True
C1382,2026-04-01,trial,0,Trial,True
C1383,2026-01-01,trial,0,Trial,True
C1383,2026-02-01,trial,0,Trial,True
C1383,2026-03-01,trial,0,Trial,True
C1383,2026-04-01,trial,0,Trial,True
C1384,2026-03-01,trial,0,Trial,True
C1384,2026-04-01,trial,0,Trial,True
C1385,2026-01-01,trial,0,Trial,True
C1385,2026-02-01,trial,0,Trial,True
C1385,2026-03-01,churned,0,Trial,True
C1386,2026-04-01,trial,0,Trial,True
C1387,2026-01-01,trial,0,Trial,True
C1387,2026-02-01,trial,0,Trial,True
C1387,2026-03-01,churned,0,Trial,True
C1388,2026-03-01,trial,0,Trial,True
C1388,2026-04-01,trial,0,Trial,True
C1389,2026-01-01,trial,0,Trial,True
C1389,2026-02-01,trial,0,Trial,True
C1389,2026-03-01,trial,0,Trial,True
C1389,2026-04-01,churned,0,Trial,True
C1390,2026-02-01,trial,0,Trial,True
C1390,2026-03-01,trial,0,Trial,True
C1390,2026-04-01,trial,0,Trial,True
C1391,2026-03-01,trial,0,Trial,True
C1391,2026-04-01,trial,0,Trial,True
C1392,2026-03-01,trial,0,Trial,True
C1392,2026-04-01,trial,0,Trial,True
C1393,2026-01-01,trial,0,Trial,True
C1393,2026-02-01,trial,0,Trial,True
C1393,2026-03-01,trial,0,Trial,True
C1393,2026-04-01,churned,0,Trial,True
C1394,2026-01-01,trial,0,Trial,True
C1394,2026-02-01,trial,0,Trial,True
C1394,2026-03-01,churned,0,Trial,True
C1395,2026-02-01,trial,0,Trial,True
C1395,2026-03-01,trial,0,Trial,True
C1395,2026-04-01,trial,0,Trial,True
C1396,2026-01-01,trial,0,Trial,True
C1396,2026-02-01,trial,0,Trial,True
C1396,2026-03-01,trial,0,Trial,True
C1396,2026-04-01,churned,0,Trial,True
C1397,2026-03-01,trial,0,Trial,True
C1397,2026-04-01,trial,0,Trial,True
C1398,2026-01-01,trial,0,Trial,True
C1398,2026-02-01,trial,0,Trial,True
C1398,2026-03-01,trial,0,Trial,True
C1398,2026-04-01,trial,0,Trial,True
C1399,2026-01-01,trial,0,Trial,True
C1399,2026-02-01,trial,0,Trial,True
C1399,2026-03-01,churned,0,Trial,True
C1400,2026-03-01,trial,0,Trial,True
C1400,2026-04-01,trial,0,Trial,True
C1401,2026-02-01,trial,0,Trial,True
C1401,2026-03-01,trial,0,Trial,True
C1401,2026-04-01,churned,0,Trial,True
C1402,2026-02-01,trial,0,Trial,True
C1402,2026-03-01,trial,0,Trial,True
C1402,2026-04-01,trial,0,Trial,True
C1403,2026-03-01,trial,0,Trial,True
C1403,2026-04-01,trial,0,Trial,True
C1404,2026-01-01,trial,0,Trial,True
C1404,2026-02-01,trial,0,Trial,True
C1404,2026-03-01,trial,0,Trial,True
C1404,2026-04-01,trial,0,Trial,True
C1405,2026-01-01,trial,0,Trial,True
C1405,2026-02-01,trial,0,Trial,True
C1405,2026-03-01,churned,0,Trial,True
C1406,2026-03-01,trial,0,Trial,True
C1406,2026-04-01,trial,0,Trial,True
C1407,2026-02-01,trial,0,Trial,True
C1407,2026-03-01,trial,0,Trial,True
C1407,2026-04-01,churned,0,Trial,True
C1408,2026-03-01,trial,0,Trial,True
C1408,2026-04-01,trial,0,Trial,True
C1409,2026-03-01,trial,0,Trial,True
C1409,2026-04-01,trial,0,Trial,True
C1410,2026-02-01,trial,0,Trial,True
C1410,2026-03-01,trial,0,Trial,True
C1410,2026-04-01,trial,0,Trial,True
C1411,2026-03-01,trial,0,Trial,True
C1411,2026-04-01,trial,0,Trial,True
C1412,2026-03-01,trial,0,Trial,True
C1412,2026-04-01,trial,0,Trial,True
C1413,2026-01-01,trial,0,Trial,True
C1413,2026-02-01,trial,0,Trial,True
C1413,2026-03-01,churned,0,Trial,True
C1414,2026-03-01,trial,0,Trial,True
C1414,2026-04-01,trial,0,Trial,True
C1415,2026-01-01,trial,0,Trial,True
C1415,2026-02-01,trial,0,Trial,True
C1415,2026-03-01,churned,0,Trial,True
C1416,2026-03-01,trial,0,Trial,True
C1416,2026-04-01,trial,0,Trial,True
C1417,2026-01-01,trial,0,Trial,True
C1417,2026-02-01,trial,0,Trial,True
C1417,2026-03-01,trial,0,Trial,True
C1417,2026-04-01,trial,0,Trial,True
C1418,2026-01-01,trial,0,Trial,True
C1418,2026-02-01,trial,0,Trial,True
C1418,2026-03-01,trial,0,Trial,True
C1418,2026-04-01,trial,0,Trial,True
C1419,2026-01-01,trial,0,Trial,True
C1419,2026-02-01,trial,0,Trial,True
C1419,2026-03-01,churned,0,Trial,True
C1420,2026-02-01,trial,0,Trial,True
C1420,2026-03-01,trial,0,Trial,True
C1420,2026-04-01,churned,0,Trial,True
C1421,2026-01-01,trial,0,Trial,True
C1421,2026-02-01,trial,0,Trial,True
C1421,2026-03-01,trial,0,Trial,True
C1421,2026-04-01,churned,0,Trial,True
C1422,2026-02-01,trial,0,Trial,True
C1422,2026-03-01,trial,0,Trial,True
C1422,2026-04-01,trial,0,Trial,True
C1423,2026-02-01,trial,0,Trial,True
C1423,2026-03-01,trial,0,Trial,True
C1423,2026-04-01,churned,0,Trial,True
C1424,2026-01-01,trial,0,Trial,True
C1424,2026-02-01,trial,0,Trial,True
C1424,2026-03-01,trial,0,Trial,True
C1424,2026-04-01,churned,0,Trial,True
C1425,2026-04-01,trial,0,Trial,True
C1426,2026-02-01,trial,0,Trial,True
C1426,2026-03-01,trial,0,Trial,True
C1426,2026-04-01,trial,0,Trial,True
C1427,2026-01-01,trial,0,Trial,True
C1427,2026-02-01,trial,0,Trial,True
C1427,2026-03-01,trial,0,Trial,True
C1427,2026-04-01,churned,0,Trial,True
C1428,2026-03-01,trial,0,Trial,True
C1428,2026-04-01,trial,0,Trial,True
C1429,2026-02-01,trial,0,Trial,True
C1429,2026-03-01,trial,0,Trial,True
C1429,2026-04-01,trial,0,Trial,True
C1430,2026-01-01,trial,0,Trial,True
C1430,2026-02-01,trial,0,Trial,True
C1430,2026-03-01,churned,0,Trial,True
C1431,2026-02-01,trial,0,Trial,True
C1431,2026-03-01,trial,0,Trial,True
C1431,2026-04-01,trial,0,Trial,True
C1432,2026-03-01,trial,0,Trial,True
C1432,2026-04-01,trial,0,Trial,True
C1433,2026-01-01,trial,0,Trial,True
C1433,2026-02-01,trial,0,Trial,True
C1433,2026-03-01,churned,0,Trial,True
C1434,2026-02-01,trial,0,Trial,True
C1434,2026-03-01,trial,0,Trial,True
C1434,2026-04-01,churned,0,Trial,True
C1435,2026-02-01,trial,0,Trial,True
C1435,2026-03-01,trial,0,Trial,True
C1435,2026-04-01,churned,0,Trial,True
C1436,2026-01-01,trial,0,Trial,True
C1436,2026-02-01,trial,0,Trial,True
C1436,2026-03-01,churned,0,Trial,True
C1437,2026-02-01,trial,0,Trial,True
C1437,2026-03-01,trial,0,Trial,True
C1437,2026-04-01,trial,0,Trial,True
C1438,2026-01-01,trial,0,Trial,True
C1438,2026-02-01,trial,0,Trial,True
C1438,2026-03-01,churned,0,Trial,True
C1439,2026-02-01,trial,0,Trial,True
C1439,2026-03-01,trial,0,Trial,True
C1439,2026-04-01,churned,0,Trial,True
C1440,2026-02-01,trial,0,Trial,True
C1440,2026-03-01,trial,0,Trial,True
C1440,2026-04-01,churned,0,Trial,True
C1441,2026-02-01,trial,0,Trial,True
C1441,2026-03-01,trial,0,Trial,True
C1441,2026-04-01,trial,0,Trial,True
C1442,2026-01-01,trial,0,Trial,True
C1442,2026-02-01,trial,0,Trial,True
C1442,2026-03-01,churned,0,Trial,True
C1443,2026-03-01,trial,0,Trial,True
C1443,2026-04-01,trial,0,Trial,True
C1444,2026-01-01,trial,0,Trial,True
C1444,2026-02-01,trial,0,Trial,True
C1444,2026-03-01,churned,0,Trial,True
C1445,2026-01-01,trial,0,Trial,True
C1445,2026-02-01,trial,0,Trial,True
C1445,2026-03-01,churned,0,Trial,True
C1446,2026-02-01,trial,0,Trial,True
C1446,2026-03-01,trial,0,Trial,True
C1446,2026-04-01,trial,0,Trial,True
C1447,2026-02-01,trial,0,Trial,True
C1447,2026-03-01,trial,0,Trial,True
C1447,2026-04-01,trial,0,Trial,True
C1448,2026-01-01,trial,0,Trial,True
C1448,2026-02-01,trial,0,Trial,True
C1448,2026-03-01,churned,0,Trial,True
C1449,2026-02-01,trial,0,Trial,True
C1449,2026-03-01,trial,0,Trial,True
C1449,2026-04-01,trial,0,Trial,True
C1450,2026-03-01,trial,0,Trial,True
C1450,2026-04-01,trial,0,Trial,True
C1451,2026-02-01,trial,0,Trial,True
C1451,2026-03-01,trial,0,Trial,True
C1451,2026-04-01,churned,0,Trial,True
C1452,2026-01-01,trial,0,Trial,True
C1452,2026-02-01,trial,0,Trial,True
C1452,2026-03-01,churned,0,Trial,True
C1453,2026-02-01,trial,0,Trial,True
C1453,2026-03-01,trial,0,Trial,True
C1453,2026-04-01,churned,0,Trial,True
C1454,2026-04-01,trial,0,Trial,True
C1455,2026-02-01,trial,0,Trial,True
C1455,2026-03-01,trial,0,Trial,True
C1455,2026-04-01,churned,0,Trial,True
C1456,2026-03-01,trial,0,Trial,True
C1456,2026-04-01,trial,0,Trial,True
C1457,2026-01-01,trial,0,Trial,True
C1457,2026-02-01,trial,0,Trial,True
C1457,2026-03-01,trial,0,Trial,True
C1457,2026-04-01,churned,0,Trial,True
C1458,2026-02-01,trial,0,Trial,True
C1458,2026-03-01,trial,0,Trial,True
C1458,2026-04-01,churned,0,Trial,True
C1459,2026-02-01,trial,0,Trial,True
C1459,2026-03-01,trial,0,Trial,True
C1459,2026-04-01,trial,0,Trial,True
C1460,2026-02-01,trial,0,Trial,True
C1460,2026-03-01,trial,0,Trial,True
C1460,2026-04-01,churned,0,Trial,True
C1461,2026-03-01,trial,0,Trial,True
C1461,2026-04-01,trial,0,Trial,True
C1462,2026-02-01,trial,0,Trial,True
C1462,2026-03-01,trial,0,Trial,True
C1462,2026-04-01,churned,0,Trial,True
C1463,2026-01-01,trial,0,Trial,True
C1463,2026-02-01,trial,0,Trial,True
C1463,2026-03-01,trial,0,Trial,True
C1463,2026-04-01,churned,0,Trial,True
C1464,2026-02-01,trial,0,Trial,True
C1464,2026-03-01,trial,0,Trial,True
C1464,2026-04-01,trial,0,Trial,True
C1465,2026-04-01,trial,0,Trial,True
C1466,2026-03-01,trial,0,Trial,True
C1466,2026-04-01,trial,0,Trial,True
C1467,2026-02-01,trial,0,Trial,True
C1467,2026-03-01,trial,0,Trial,True
C1467,2026-04-01,trial,0,Trial,True
C1468,2026-02-01,trial,0,Trial,True
C1468,2026-03-01,trial,0,Trial,True
C1468,2026-04-01,trial,0,Trial,True
C1469,2026-01-01,trial,0,Trial,True
C1469,2026-02-01,trial,0,Trial,True
C1469,2026-03-01,churned,0,Trial,True
C1470,2026-01-01,trial,0,Trial,True
C1470,2026-02-01,trial,0,Trial,True
C1470,2026-03-01,trial,0,Trial,True
C1470,2026-04-01,trial,0,Trial,True
C1471,2026-01-01,trial,0,Trial,True
C1471,2026-02-01,trial,0,Trial,True
C1471,2026-03-01,trial,0,Trial,True
C1471,2026-04-01,trial,0,Trial,True
C1472,2026-04-01,trial,0,Trial,True
C1473,2026-02-01,trial,0,Trial,True
C1473,2026-03-01,trial,0,Trial,True
C1473,2026-04-01,trial,0,Trial,True
C1474,2026-04-01,trial,0,Trial,True
C1475,2026-02-01,trial,0,Trial,True
C1475,2026-03-01,trial,0,Trial,True
C1475,2026-04-01,churned,0,Trial,True
C1476,2026-03-01,trial,0,Trial,True
C1476,2026-04-01,trial,0,Trial,True
C1477,2026-03-01,trial,0,Trial,True
C1477,2026-04-01,trial,0,Trial,True
C1478,2026-04-01,trial,0,Trial,True
C1479,2026-03-01,trial,0,Trial,True
C1479,2026-04-01,trial,0,Trial,True
C1480,2026-03-01,trial,0,Trial,True
C1480,2026-04-01,trial,0,Trial,True
C1481,2026-03-01,trial,0,Trial,True
C1481,2026-04-01,trial,0,Trial,True
C1482,2026-04-01,trial,0,Trial,True
C1483,2026-04-01,trial,0,Trial,True
C1484,2026-01-01,trial,0,Trial,True
C1484,2026-02-01,trial,0,Trial,True
C1484,2026-03-01,trial,0,Trial,True
C1484,2026-04-01,trial,0,Trial,True
C1485,2026-03-01,trial,0,Trial,True
C1485,2026-04-01,trial,0,Trial,True
C1486,2026-03-01,trial,0,Trial,True
C1486,2026-04-01,trial,0,Trial,True
C1487,2026-03-01,trial,0,Trial,True
C1487,2026-04-01,trial,0,Trial,True
C1488,2026-04-01,trial,0,Trial,True
C1489,2026-02-01,trial,0,Trial,True
C1489,2026-03-01,trial,0,Trial,True
C1489,2026-04-01,churned,0,Trial,True
C1490,2026-02-01,trial,0,Trial,True
C1490,2026-03-01,trial,0,Trial,True
C1490,2026-04-01,trial,0,Trial,True
C1491,2026-03-01,trial,0,Trial,True
C1491,2026-04-01,trial,0,Trial,True
C1492,2026-03-01,trial,0,Trial,True
C1492,2026-04-01,trial,0,Trial,True
C1493,2026-02-01,trial,0,Trial,True
C1493,2026-03-01,trial,0,Trial,True
C1493,2026-04-01,trial,0,Trial,True
C1494,2026-03-01,trial,0,Trial,True
C1494,2026-04-01,trial,0,Trial,True
C1495,2026-02-01,trial,0,Trial,True
C1495,2026-03-01,trial,0,Trial,True
C1495,2026-04-01,trial,0,Trial,True
C1496,2026-01-01,trial,0,Trial,True
C1496,2026-02-01,trial,0,Trial,True
C1496,2026-03-01,trial,0,Trial,True
C1496,2026-04-01,churned,0,Trial,True
C1497,2026-01-01,trial,0,Trial,True
C1497,2026-02-01,trial,0,Trial,True
C1497,2026-03-01,trial,0,Trial,True
C1497,2026-04-01,trial,0,Trial,True
C1498,2026-01-01,trial,0,Trial,True
C1498,2026-02-01,trial,0,Trial,True
C1498,2026-03-01,trial,0,Trial,True
C1498,2026-04-01,trial,0,Trial,True
C1499,2026-02-01,trial,0,Trial,True
C1499,2026-03-01,trial,0,Trial,True
C1499,2026-04-01,trial,0,Trial,True
