Rk;Player;Pos;Age;Tm;G;GS;MP;FG;FGA;FG%;3P;3PA;3P%;2P;2PA;2P%;eFG%;FT;FTA;FT%;ORB;DRB;TRB;AST;STL;BLK;TOV;PF;PTS
1;Precious Achiuwa;C;22;TOR;34;20;25.3;3.4;8.1;0.412;0.3;1.3;0.233;3.1;6.9;0.444;0.43;0.9;1.6;0.574;2.4;5.3;7.7;1.3;0.6;0.6;1.1;2.2;7.9
2;Steven Adams;C;28;MEM;44;43;25.7;2.6;4.9;0.521;0;0;0;2.6;4.9;0.521;0.521;1.6;2.8;0.566;4.3;4.9;9.3;3;1;0.6;1.6;1.7;6.7
3;Bam Adebayo;C;24;MIA;21;21;32.9;6.9;13.3;0.518;0;0;0;6.9;13.3;0.52;0.518;4.9;6.3;0.767;2.6;7.3;10;3.2;1.2;0.5;2.9;3.1;18.7
4;Santi Aldama;PF;21;MEM;25;0;10.5;1.4;3.8;0.372;0.2;1.5;0.105;1.2;2.2;0.554;0.394;0.4;0.8;0.579;0.9;1.6;2.5;0.5;0.1;0.2;0.3;0.9;3.4
5;LaMarcus Aldridge;C;36;BRK;32;10;23.1;5.9;10.3;0.574;0.4;1.1;0.333;5.6;9.2;0.603;0.592;1.6;1.8;0.862;1.5;4.1;5.7;0.9;0.4;1.1;0.8;1.7;13.8
6;Nickeil Alexander-Walker;SG;23;NOP;42;18;26.5;4.7;12.8;0.37;2;6.2;0.313;2.8;6.6;0.424;0.446;1.2;1.7;0.704;0.8;2.6;3.4;2.6;0.8;0.3;1.6;1.8;12.6
7;Grayson Allen;SG;26;MIL;41;40;28.1;4.1;9.6;0.423;2.6;6.7;0.391;1.5;3;0.496;0.558;1;1.2;0.857;0.5;2.9;3.4;1.3;0.8;0.4;0.6;1.5;11.8
8;Jarrett Allen;C;23;CLE;39;39;32.7;6.7;9.6;0.695;0;0.2;0.125;6.6;9.4;0.708;0.697;2.9;4.2;0.697;3.3;7.6;10.9;1.8;0.8;1.4;1.9;1.8;16.3
9;Jose Alvarado;PG;23;NOP;18;0;9.2;1.1;3.1;0.364;0.4;1.4;0.269;0.7;1.6;0.448;0.427;0.5;0.8;0.643;0.3;0.7;1;1.6;1;0.1;0.2;1;3.1
10;Justin Anderson;SF;28;IND;3;0;10;0.7;3.7;0.182;0.3;3;0.111;0.3;0.7;0.5;0.227;1;1;1;0.7;0.7;1.3;1;0.3;0.3;0.3;1.7;2.7
11;Kyle Anderson;PF;28;MEM;38;8;22.4;3.2;7.4;0.436;0.7;1.9;0.351;2.6;5.5;0.466;0.482;1;1.6;0.661;0.9;4.4;5.3;2.6;1.1;0.6;1.1;1.5;8.2
12;Giannis Antetokounmpo;PF;27;MIL;39;39;32.7;9.9;18.7;0.531;1.1;3.8;0.282;8.8;14.9;0.595;0.56;7.7;10.8;0.714;1.8;9.5;11.3;6;1;1.5;3.5;3.3;28.6
13;Thanasis Antetokounmpo;SF;29;MIL;28;5;11.9;1.4;2.9;0.463;0;0.4;0.091;1.3;2.5;0.521;0.47;0.5;0.9;0.625;1.1;1.7;2.8;0.7;0.5;0.3;0.6;1.9;3.3
14;Carmelo Anthony;PF;37;LAL;43;3;26.9;4.6;10.6;0.434;2.3;6;0.389;2.3;4.6;0.492;0.544;1.9;2.3;0.812;0.9;3.3;4.2;1;0.7;0.8;0.8;2.3;13.4
15;Cole Anthony;PG;21;ORL;33;33;33.2;6.2;15.8;0.396;2.4;7.2;0.328;3.9;8.5;0.454;0.471;3.4;4;0.835;0.6;5.5;6.1;5.8;0.8;0.3;2.8;2.7;18.2
16;OG Anunoby;SF;24;TOR;28;28;36.5;7;16;0.434;2.5;7.3;0.346;4.4;8.7;0.508;0.513;2.4;3.1;0.773;1.5;3.8;5.3;2.3;1.6;0.4;1.8;2.9;18.9
17;Trevor Ariza;SF;36;LAL;12;5;19.2;1.3;3.3;0.375;1;2.8;0.364;0.3;0.6;0.429;0.525;0.2;0.3;0.5;0.3;2.9;3.3;1.3;0.5;0.2;0.3;0.6;3.7
18;D.J. Augustin;PG;34;HOU;33;2;15;1.7;4;0.414;1.2;2.8;0.415;0.5;1.2;0.41;0.56;1;1.2;0.868;0.2;1;1.2;2.2;0.3;0;1.3;0.5;5.5
19;Deni Avdija;SF;21;WAS;46;6;22.5;2.6;6;0.437;0.8;2.8;0.302;1.8;3.2;0.554;0.507;1.1;1.5;0.731;0.7;4;4.7;1.6;0.8;0.7;0.9;2.2;7.2
20;Joel Ayayi;SG;21;WAS;7;0;2.9;0.1;0.9;0.167;0;0.1;0;0.1;0.7;0.2;0.167;0;0;0;0.1;0.3;0.4;0.6;0;0;0;0;0.3
21;Deandre Ayton;C;23;PHO;28;28;29.9;7.3;11.5;0.637;0.1;0.3;0.25;7.3;11.2;0.646;0.64;2;2.9;0.713;2.8;7.8;10.6;1.5;0.8;0.8;1.7;2.2;16.8
22;Udoka Azubuike;C;22;UTA;7;1;7.3;0.7;1;0.714;0;0;0;0.7;1;0.714;0.714;0.1;0.3;0.5;0.3;1.4;1.7;0;0.1;0.6;0.7;0.7;1.6
23;Marvin Bagley III;PF;22;SAC;26;13;21.9;3.8;8.2;0.46;0.5;2.1;0.236;3.3;6.1;0.538;0.491;1.3;1.8;0.745;2.3;5;7.3;0.6;0.3;0.3;0.7;1.7;9.4
24;LaMelo Ball;PG;20;CHO;39;39;31.8;6.9;16.5;0.418;2.7;7.3;0.371;4.2;9.3;0.454;0.499;2.5;2.8;0.883;1.7;5.6;7.3;7.7;1.6;0.4;3.1;3;19
25;Lonzo Ball;PG;24;CHI;35;35;34.6;4.6;10.9;0.423;3.1;7.4;0.423;1.5;3.5;0.423;0.567;0.6;0.8;0.75;1;4.4;5.4;5.1;1.8;0.9;2.3;2.4;13
26;Mo Bamba;C;23;ORL;36;34;27.5;4.1;9;0.46;1.4;3.9;0.355;2.8;5.1;0.541;0.537;0.8;1;0.778;2.3;6;8.3;1.5;0.8;2.1;1.4;2.7;10.4
27;Desmond Bane;SF;23;MEM;45;45;29.9;6.7;14.3;0.47;2.9;6.9;0.42;3.8;7.4;0.517;0.572;1.4;1.6;0.886;0.5;3.9;4.4;2.4;1.1;0.5;1.5;2.4;17.7
28;Dalano Banton;SF;22;TOR;33;1;11.7;1.5;3.6;0.407;0.2;0.8;0.269;1.2;2.8;0.446;0.436;0.5;0.7;0.75;0.6;1.5;2;1.7;0.4;0.2;1;1.2;3.7
29;Cat Barber;PG;27;ATL;3;0;4.3;0;1.3;0;0;0;0;0;1.3;0;0;0;1.3;0;0.3;0.7;1;1;0;0;0.3;0.3;0
30;Harrison Barnes;PF;29;SAC;42;42;33.5;5;11;0.451;2;4.9;0.415;2.9;6.1;0.48;0.544;4.3;5.1;0.833;1.1;4.9;6;2.4;0.7;0.2;1.7;1.3;16.3
31;Scottie Barnes;PF;20;TOR;36;36;35.5;5.9;12.5;0.477;0.8;2.4;0.31;5.2;10.1;0.517;0.507;2.1;3;0.72;2.8;5.1;7.9;3.4;1;0.8;1.9;2.9;14.8
32;RJ Barrett;SF;21;NYK;39;39;32.3;6.1;14.6;0.417;1.9;5.5;0.35;4.2;9.1;0.456;0.482;2.8;4.2;0.685;0.8;4.9;5.7;2.4;0.5;0.3;2;2.1;16.9
33;Will Barton;SG;31;DEN;39;39;32.8;5.8;13.4;0.431;2.4;6.4;0.369;3.4;7.1;0.487;0.519;1.3;1.7;0.788;0.6;4.2;4.8;4.2;0.8;0.5;1.8;1.4;15.3
34;Paris Bass;SF;26;PHO;2;0;3.5;1;3;0.333;0;1;0;1;2;0.5;0.333;1;1;1;1;1;2;0;0.5;0;1;1;3
35;Charles Bassey;PF;21;PHI;21;0;7.2;1.3;1.9;0.675;0;0.2;0;1.3;1.7;0.75;0.675;0.4;0.5;0.727;0.9;1.8;2.7;0.3;0.2;0.7;0.3;1.4;3
36;Keita Bates-Diop;SF;26;SAS;38;12;17.3;2.3;4.6;0.5;0.3;1.1;0.325;2;3.6;0.551;0.537;0.8;1.1;0.69;1.2;3.1;4.3;0.7;0.4;0.3;0.8;1;5.7
37;Nicolas Batum;PF;33;LAC;27;23;26.1;3.4;6.7;0.5;2;4.9;0.414;1.3;1.8;0.735;0.651;0.6;0.8;0.682;0.4;4.3;4.8;1.6;1;0.8;0.9;1.5;9.3
38;Kent Bazemore;SF;32;LAL;25;14;16.6;1.4;4.2;0.33;0.8;2.3;0.351;0.6;2;0.306;0.425;0.4;0.5;0.769;0.3;1.7;2;0.9;0.8;0.2;0.4;2.1;4
39;Darius Bazley;PF;21;OKC;40;28;26;3.4;8.5;0.394;0.9;3.5;0.266;2.4;5;0.483;0.449;1.4;2;0.679;1.1;5.1;6.2;1.2;0.7;1.2;1.4;1;9
40;Bradley Beal;SG;28;WAS;37;37;36;8.9;19.7;0.455;1.6;5.4;0.303;7.3;14.2;0.512;0.497;4.2;5;0.832;1;3.7;4.7;6.5;0.9;0.4;3.4;2.4;23.7
41;Malik Beasley;SG;25;MIN;45;9;26.9;4.4;11.9;0.375;3;8.7;0.349;1.4;3.2;0.444;0.502;0.5;0.6;0.724;0.4;2.8;3.2;1.6;0.6;0.1;0.7;1.2;12.4
42;Jordan Bell;C;27;CHI;1;0;2;0;0;0;0;0;0;0;0;0;0;0;0;0;1;0;1;0;1;0;0;2;0
43;DeAndre' Bembry;SF;27;BRK;39;16;19.3;2.4;4.2;0.58;0.3;0.7;0.444;2.1;3.5;0.607;0.617;0.4;0.7;0.593;0.7;2.4;3.1;1.2;1;0.5;0.6;2.1;5.5
44;D?vis Bert?ns;PF;29;WAS;31;0;15.4;1.9;5.3;0.356;1.5;4.4;0.328;0.4;0.8;0.5;0.494;0.9;0.9;0.931;0.2;1.7;1.9;0.5;0.4;0.2;0.4;1.6;6.1
45;Patrick Beverley;PG;33;MIN;32;28;26.1;3.1;7.6;0.407;1.2;3.9;0.312;1.9;3.7;0.508;0.488;1.3;1.9;0.689;1.2;3.3;4.5;5;1.2;0.9;1.2;2.8;8.7
46;Saddiq Bey;SF;22;DET;45;45;33.5;5.2;13.7;0.382;2.4;7.2;0.332;2.8;6.5;0.437;0.469;2.3;2.7;0.837;1.3;4.6;5.9;2.5;0.9;0.2;1.4;1.8;15.2
47;Khem Birch;C;29;TOR;23;7;21;2.2;4.5;0.495;0;0.3;0;2.2;4.1;0.537;0.495;1.3;1.8;0.738;2.7;2.5;5.2;1.2;0.8;0.5;0.7;1.7;5.8
48;Goga Bitadze;C;22;IND;26;1;9;1.3;3.2;0.398;0.2;1.3;0.176;1;1.9;0.551;0.434;0.7;1.1;0.621;1.2;1.3;2.5;0.4;0.4;0.6;0.5;1.4;3.5
49;Bismack Biyombo;C;29;PHO;7;0;18.9;3.4;5;0.686;0;0;0;3.4;5;0.686;0.686;1.7;3;0.571;2.7;3.3;6;0.9;0.9;1.1;0.9;2;8.6
50;Nemanja Bjelica;C;33;GSW;46;0;15.2;2.3;5.3;0.446;0.9;2.5;0.348;1.5;2.8;0.535;0.529;0.8;1.2;0.685;0.8;3.2;4;1.7;0.6;0.3;1.1;1.6;6.4
51;Eric Bledsoe;PG;32;LAC;47;29;25.9;3.7;8.8;0.422;1;3;0.324;2.7;5.7;0.474;0.478;1.6;2.1;0.768;0.6;2.9;3.4;4.1;1.3;0.4;2.2;1.5;10
52;Keljin Blevins;SF;26;POR;6;0;6;0.7;1.8;0.364;0.7;1.5;0.444;0;0.3;0;0.545;0;0.3;0;0;0.5;0.5;0.3;0;0;0.5;0.2;2
53;Bogdan Bogdanovi?;SG;29;ATL;28;26;28.7;4.4;10.8;0.412;2.2;6.3;0.354;2.2;4.5;0.492;0.515;1;1.3;0.771;0.3;3.4;3.8;2.6;0.7;0.2;1;1.9;12
54;Bojan Bogdanovi?;PF;32;UTA;45;45;30.8;6.2;13.1;0.469;2.5;6.4;0.393;3.6;6.7;0.542;0.565;3.2;3.8;0.858;0.8;3.3;4.1;1.8;0.5;0;1.6;1.7;18.1
55;Bol Bol;PF;22;DEN;13;0;6.2;1.2;2.1;0.556;0.1;0.3;0.25;1.1;1.8;0.609;0.574;0.2;0.2;0.667;0.3;1.2;1.5;0.4;0.1;0.2;0.3;0.3;2.5
56;Leandro Bolmaro;SF;21;MIN;24;2;7.8;0.4;1.3;0.281;0.1;0.5;0.167;0.3;0.8;0.35;0.313;0.3;0.4;0.889;0.6;0.8;1.5;0.5;0.2;0;0.5;0.9;1.2
57;Isaac Bonga;SF;22;TOR;12;0;5.3;0.3;1.1;0.231;0.1;0.3;0.25;0.2;0.8;0.222;0.269;0.3;0.5;0.667;0.3;0.3;0.6;0.3;0.6;0.2;0.2;0.8;0.9
58;Devin Booker;SG;25;PHO;37;37;33;8.8;19.7;0.447;2.7;6.8;0.394;6.1;12.9;0.474;0.514;4.4;5;0.866;0.8;4.5;5.3;4.5;0.9;0.3;2.5;2.5;24.6
59;Brandon Boston Jr.;SG;20;LAC;30;0;16.2;2.4;6.8;0.351;0.7;2.4;0.288;1.7;4.4;0.386;0.402;1.2;1.4;0.86;0.3;2.2;2.5;0.9;0.6;0.2;0.7;0.8;6.7
60;Chris Boucher;PF;29;TOR;41;7;19.8;3.3;7.4;0.449;0.8;3;0.264;2.5;4.4;0.571;0.502;1.8;2.4;0.75;2.2;3.7;5.9;0.3;0.7;1;0.7;2;9.2
61;James Bouknight;SG;21;CHO;19;0;8.1;1.3;3.6;0.362;0.6;1.5;0.393;0.7;2.2;0.341;0.442;0.4;0.5;0.8;0.7;0.7;1.4;0.8;0.1;0;0.3;0.6;3.6
62;Avery Bradley;SG;31;LAL;38;33;23.7;2.6;6.1;0.424;1.4;3.5;0.388;1.2;2.6;0.474;0.537;0.3;0.3;0.917;0.6;1.9;2.5;0.9;0.9;0.2;0.5;1.8;6.8
63;Tony Bradley;C;24;CHI;31;7;12.5;1.7;2.9;0.571;0;0;0;1.7;2.9;0.571;0.571;0.4;0.5;0.765;1.4;2.9;4.3;0.6;0.2;0.7;0.6;1.4;3.8
64;Ignas Brazdeikis;SF;23;ORL;20;0;8.4;0.8;2.6;0.314;0.3;1.3;0.2;0.6;1.3;0.423;0.363;0.4;0.5;0.8;0.4;1;1.4;0.7;0.3;0.1;0.3;1;2.3
65;Mikal Bridges;SF;25;PHO;44;44;34;4.8;9.5;0.505;1.4;3.7;0.377;3.4;5.8;0.587;0.578;1.1;1.3;0.855;1;3;4;1.9;1.3;0.5;0.8;1.9;12
66;Miles Bridges;PF;23;CHO;44;44;36;7.6;15.8;0.482;2;6.1;0.325;5.6;9.7;0.581;0.545;2.9;3.8;0.77;1.3;6.2;7.5;3.6;1.1;0.9;1.8;2.6;20.1
67;Oshae Brissett;SF;23;IND;35;1;18.6;2.4;5.6;0.423;0.9;2.6;0.333;1.5;3;0.5;0.5;0.7;1.1;0.6;1.3;2.7;3.9;0.7;0.5;0.3;0.7;1.4;6.3
68;Malcolm Brogdon;PG;29;IND;28;28;33.4;6.6;14.7;0.448;1.6;5.4;0.307;4.9;9.3;0.529;0.504;3.8;4.4;0.861;0.9;4.3;5.1;5.9;0.9;0.4;2.2;2;18.5
69;Armoni Brooks;SG;23;HOU;36;8;17.7;2.4;6.6;0.363;1.8;5.6;0.315;0.6;1;0.622;0.496;0.4;0.5;0.842;0.3;1.8;2.1;1.4;0.6;0.2;0.5;1.6;7
70;Dillon Brooks;SF;26;MEM;21;20;28;6.9;16.2;0.426;1.6;4.8;0.327;5.3;11.4;0.469;0.475;3;3.4;0.889;0.8;2.5;3.3;2.7;1.3;0.2;1.8;3.3;18.4
71;Bruce Brown;SF;25;BRK;36;18;21.6;2.8;5.8;0.488;0.3;0.9;0.313;2.5;4.9;0.52;0.512;0.7;0.9;0.774;1.3;3.1;4.4;1.2;1.1;0.5;0.7;2.7;6.6
72;Charlie Brown Jr.;SG;24;PHI;8;1;14.4;0.6;3;0.208;0.1;1;0.125;0.5;2;0.25;0.229;0.8;0.9;0.857;1.3;1.9;3.1;0.4;0.6;0.4;0.5;1.4;2.1
73;Chaundee Brown Jr.;SG;23;ATL;3;2;27.7;3;8.3;0.36;2;5;0.4;1;3.3;0.3;0.48;1.7;2;0.833;0.3;4.3;4.7;1.3;0.7;0;0;2.3;9.7
74;Greg Brown III;SF;20;POR;18;0;4.7;0.7;1.7;0.419;0;0.3;0;0.7;1.4;0.52;0.419;0.3;0.7;0.462;0.4;0.8;1.2;0.3;0.1;0.2;0.3;0.6;1.8
75;Jaylen Brown;SF;25;BOS;33;33;34.8;8.7;19.2;0.456;2.8;7.7;0.358;6;11.5;0.521;0.528;3.8;4.8;0.788;0.8;5.6;6.4;3.1;1.1;0.4;3;2.7;24
76;Moses Brown;C;22;DAL;25;1;6.6;1.1;2;0.54;0;0;0;1.1;2;0.54;0.54;1.1;1.7;0.628;0.6;1.7;2.4;0;0.1;0.3;0.6;1.1;3.2
77;Sterling Brown;SG;26;DAL;36;3;14.3;1.4;3.6;0.398;0.8;2.2;0.342;0.7;1.4;0.49;0.504;0.3;0.3;0.909;0.6;2.9;3.5;0.8;0.3;0.1;0.6;1.2;3.9
78;Troy Brown Jr.;SF;22;CHI;33;2;15.7;1.7;4;0.417;0.6;1.8;0.311;1.1;2.2;0.507;0.489;0.5;0.7;0.773;0.6;2.4;3;1.2;0.6;0.1;0.4;0.9;4.4
79;Jalen Brunson;PG;25;DAL;45;27;31.2;6.4;12.8;0.502;1;3;0.331;5.4;9.8;0.553;0.54;2.1;2.6;0.79;0.6;3.3;3.8;5.5;1;0;1.7;1.9;15.9
80;Thomas Bryant;C;24;WAS;5;0;13;2.6;5.4;0.481;0.4;1.8;0.222;2.2;3.6;0.611;0.519;0.8;1.6;0.5;1.2;1.8;3;0.6;0;0.4;0.2;1.4;6.4
81;Shaq Buchanan;PG;25;MEM;2;0;5;0.5;2;0.25;0;1;0;0.5;1;0.5;0.25;0;0;0;0.5;0.5;1;1;0.5;0;1;0.5;1
82;Reggie Bullock;SF;30;DAL;38;13;23.6;2.2;5.9;0.379;1.4;4.4;0.32;0.8;1.4;0.564;0.5;0.4;0.5;0.737;0.4;2.7;3.1;1.2;0.4;0.1;0.5;1.3;6.3
83;Trey Burke;PG;29;DAL;22;0;12.2;2.5;6.1;0.418;0.8;2.4;0.327;1.8;3.7;0.476;0.481;0.7;0.8;0.941;0.1;1;1;1.9;0.4;0;0.7;1;6.6
84;Alec Burks;SG;30;NYK;45;19;27.5;3.5;9;0.385;1.9;4.7;0.398;1.6;4.3;0.371;0.489;2.7;3.2;0.836;0.6;3.8;4.4;2.5;1.2;0.2;0.9;2.3;11.5
85;Jared Butler;SG;21;UTA;20;1;5.7;0.9;2.6;0.346;0.5;1.5;0.333;0.4;1.1;0.364;0.442;0.3;0.5;0.667;0.1;0.7;0.8;0.7;0.2;0.3;0.8;1;2.6
86;Jimmy Butler;SF;32;MIA;28;28;33.3;7.1;14.9;0.481;0.4;1.8;0.24;6.7;13.1;0.514;0.495;6.7;7.6;0.879;1.8;4;5.9;5.9;1.9;0.4;2;1.3;21.4
87;Devontae Cacok;PF;25;SAS;7;0;8.3;2;3;0.667;0;0;0;2;3;0.667;0.667;0;0;0;0.7;2.3;3;0.3;0.6;0.7;0.1;1.1;4
88;Kentavious Caldwell-Pope;SG;28;WAS;43;43;29.7;4.1;10;0.415;2.1;5.5;0.377;2.1;4.5;0.461;0.519;1.2;1.3;0.877;0.5;3.2;3.7;1.8;1.1;0.4;1.4;1.8;11.5
89;Facundo Campazzo;PG;30;DEN;43;4;21.8;2.1;5.6;0.376;1.1;3.6;0.31;1;2;0.494;0.475;1.1;1.3;0.81;0.4;1.8;2.1;4;1.1;0.4;1.2;2.3;6.4
90;Vlatko ?an?ar;PF;24;DEN;14;1;10.9;1.6;2.8;0.564;0.5;0.9;0.583;1.1;1.9;0.556;0.654;0.6;0.9;0.75;0.4;1.2;1.6;0.9;0.1;0.2;0.6;0.9;4.3
91;Clint Capela;C;27;ATL;37;36;29.6;5.2;9.1;0.573;0;0;0;5.2;9.1;0.574;0.573;1.2;2.6;0.464;4.1;8.8;12.9;1.5;0.8;1.5;0.6;2.4;11.6
92;Vernon Carey Jr.;C;20;CHO;3;1;4.7;1;2;0.5;0;0;0;1;2;0.5;0.5;0.7;1;0.667;0.7;0.3;1;0;0.3;0;0.3;0.3;2.7
93;Jevon Carter;PG;26;BRK;34;1;11.6;1;3.3;0.301;0.7;2.4;0.284;0.3;0.9;0.344;0.403;0.1;0.1;0.75;0.2;1.2;1.4;0.9;0.4;0.2;0.4;1;2.8
94;Wendell Carter Jr.;C;22;ORL;38;37;29.1;5;10.1;0.492;1.3;3.8;0.336;3.7;6.3;0.585;0.555;2.1;2.9;0.716;2.1;8;10.1;2.7;0.7;0.7;1.6;2.7;13.3
95;Alex Caruso;SG;27;CHI;28;9;27.7;2.8;6.5;0.429;1.1;3.1;0.345;1.7;3.4;0.505;0.511;1.7;2.1;0.814;0.9;3;3.9;3.9;1.9;0.4;1.4;2.4;8.4
96;Willie Cauley-Stein;C;28;DAL;18;2;9.8;0.9;1.9;0.457;0.1;0.1;0.5;0.8;1.8;0.455;0.471;0.1;0.1;0.5;0.7;1.4;2.1;0.5;0.3;0.2;0.4;0.9;1.9
97;Ahmad Caver;PG;25;IND;1;0;1;1;1;1;0;0;0;1;1;1;1;0;0;0;0;0;0;0;0;0;0;0;2
98;Justin Champagnie;SF;20;TOR;26;0;8.9;1;2.2;0.456;0.3;0.8;0.35;0.7;1.4;0.514;0.518;0.3;0.3;1;1.4;0.9;2.3;0.3;0.2;0.2;0.2;1.2;2.6
99;Zylan Cheatham;SF;26;UTA;1;0;5;0;3;0;0;2;0;0;1;0;0;0;0;0;0;0;0;0;0;0;0;0;0
100;Chris Chiozza;PG;26;GSW;23;1;10.7;0.7;2.5;0.281;0.6;1.6;0.351;0.1;0.9;0.15;0.395;0;0;1;0.3;0.8;1.2;1.7;0.3;0;0.9;1;2
101;Marquese Chriss;PF;24;DAL;13;0;11.3;2.6;4.3;0.607;0.5;1.1;0.429;2.2;3.2;0.667;0.661;0.8;1.2;0.625;0.8;2.9;3.7;0.3;0.2;0.3;0.8;2.5;6.5
102;Josh Christopher;SG;20;HOU;39;2;15.9;2.6;5.6;0.459;0.7;2.1;0.346;1.8;3.5;0.526;0.523;1;1.3;0.8;0.7;1.3;2;1.6;0.8;0.2;1.5;1.1;6.9
103;Gary Clark;PF;27;NOP;13;1;10.5;1.1;2.6;0.412;1;2.3;0.433;0.1;0.3;0.25;0.603;0.2;0.3;0.5;0.5;1.8;2.3;0.4;0.2;0.2;0.3;0.2;3.3
104;Brandon Clarke;PF;25;MEM;34;1;18.4;4.2;6.5;0.65;0.1;0.5;0.222;4.1;5.9;0.688;0.659;1.2;1.8;0.677;1.9;3.2;5.1;1.4;0.4;1.1;0.5;1.6;9.8
105;Jordan Clarkson;SG;29;UTA;45;0;26.1;5.6;13.9;0.402;2.5;7.9;0.321;3;6;0.507;0.493;1.6;2;0.809;0.7;2.8;3.5;2.2;0.7;0.3;1.6;1.8;15.3
106;Nic Claxton;C;22;BRK;20;14;22.2;4;6.1;0.656;0;0;0;4;6.1;0.656;0.656;1.2;2;0.615;1.9;3.6;5.5;1;0.6;1.2;0.8;2.5;9.2
107;Amir Coffey;SG;24;LAC;34;12;20.4;2.3;5;0.456;1.2;3.2;0.389;1.1;1.9;0.571;0.579;1.3;1.5;0.88;0.4;2.6;3;1.6;0.5;0.2;0.4;1.2;7.1
108;John Collins;PF;24;ATL;40;40;32.2;6.5;12;0.536;1.4;3.2;0.43;5.1;8.8;0.575;0.594;2.9;3.7;0.795;1.9;6.1;8;2;0.7;1.1;1.2;3.2;17.2
109;Darren Collison;PG;34;LAL;3;0;12.3;0.7;2.3;0.286;0;1;0;0.7;1.3;0.5;0.286;0;0;0;0;1.3;1.3;0.7;0.3;0;0.3;1.7;1.3
110;Mike Conley;PG;34;UTA;41;41;28.5;4.9;10.7;0.46;2.4;5.8;0.42;2.5;4.9;0.507;0.574;1.8;2.2;0.824;0.6;2.4;3;5.2;1.1;0.3;1.5;1.7;14.1
111;Pat Connaughton;SG;29;MIL;45;15;27.6;3.7;7.9;0.472;2.3;5.7;0.401;1.4;2.2;0.657;0.617;0.7;0.8;0.811;0.7;3.8;4.5;1.4;0.9;0.3;0.6;1.3;10.4
112;Tyler Cook;PF;24;CHI;10;1;11.9;1.5;2.3;0.652;0;0;0;1.5;2.3;0.652;0.652;1.4;1.6;0.875;0.7;2.1;2.8;0.3;0.4;0.2;0.5;1.9;4.4
113;Sharife Cooper;PG;20;ATL;10;0;3.5;0.3;1.4;0.214;0.1;0.6;0.167;0.2;0.8;0.25;0.25;0;0;0;0;0.5;0.5;0.5;0;0;0.5;0.1;0.7
114;Petr Cornelie;PF;26;DEN;13;0;2.9;0.4;1.2;0.333;0.1;0.6;0.125;0.3;0.5;0.571;0.367;0.2;0.3;0.75;0.5;0.5;1.1;0.2;0.1;0.1;0.3;0.5;1.1
115;DeMarcus Cousins;C;31;MIL;17;5;16.9;3.2;6.9;0.466;0.8;2.8;0.271;2.5;4.1;0.6;0.521;1.8;2.2;0.816;1.4;4.4;5.8;1.1;0.9;0.5;0.9;2.7;9.1
116;Robert Covington;PF;31;POR;42;34;29.1;2.7;6.9;0.398;1.7;4.7;0.357;1;2.1;0.489;0.521;0.5;0.6;0.808;0.8;4.8;5.6;1.1;1.4;1.3;1.1;2.6;7.7
117;Torrey Craig;SF;31;IND;41;4;17.9;2.3;4.8;0.472;0.7;2.3;0.309;1.6;2.5;0.621;0.546;0.6;0.7;0.828;1.2;2.4;3.7;1.1;0.4;0.3;0.7;1.8;5.8
118;Jae Crowder;PF;31;PHO;38;38;28.2;3.2;7.9;0.407;1.9;5.4;0.363;1.3;2.6;0.5;0.53;1;1.2;0.804;0.3;4.6;4.9;1.4;1.2;0.5;0.9;2.4;9.4
119;Jarrett Culver;SG;22;MEM;21;0;10.5;1.7;4.1;0.419;0.4;1.3;0.286;1.3;2.8;0.483;0.465;0.4;0.9;0.474;0.4;1.4;1.8;1.1;0.7;0.1;0.5;1.2;4.2
120;Jarron Cumberland;SG;24;POR;3;0;4;0.3;0.7;0.5;0;0.3;0;0.3;0.3;1;0.5;0;0;0;0.3;0.7;1;0.3;0;0;0;0.7;0.7
121;Cade Cunningham;PG;20;DET;36;36;31.9;5.9;14.7;0.4;2.1;6.4;0.325;3.8;8.3;0.458;0.471;1.8;2.1;0.842;0.9;4.5;5.4;5.1;1.3;0.6;3.6;2.9;15.6
122;Seth Curry;SG;31;PHI;40;40;34.8;6;11.8;0.509;2.3;5.5;0.417;3.7;6.3;0.587;0.605;1.6;1.8;0.877;0.4;3;3.4;4;0.8;0.2;1.9;2.2;15.8
123;Stephen Curry;PG;33;GSW;42;42;34.7;8.5;20.1;0.42;4.9;12.8;0.384;3.5;7.4;0.482;0.541;4.5;4.9;0.912;0.6;4.8;5.3;6.2;1.5;0.5;3.3;2;26.3
124;Anthony Davis;C;28;LAL;27;27;35.4;9.3;17.9;0.521;0.4;2.1;0.179;8.9;15.8;0.566;0.531;4.3;6;0.727;2.7;7.1;9.9;2.9;1.2;2;2.2;2.3;23.3
125;Ed Davis;C;32;CLE;13;2;8.7;0.7;0.9;0.75;0;0;0;0.7;0.9;0.75;0.75;0.1;0.5;0.167;0.4;2.5;2.8;0.1;0.2;0.5;0.2;1.3;1.5
126;Terence Davis;SG;24;SAC;28;9;17.8;3.6;8.7;0.418;1.6;4.9;0.326;2;3.8;0.538;0.51;1.2;1.4;0.825;0.4;2.6;3;1.3;0.9;0.4;1.1;2.4;10.1
127;Gabriel Deck;PF;26;OKC;7;0;8;1.1;2;0.571;0.3;0.6;0.5;0.9;1.4;0.6;0.643;0;0;0;0.1;0.7;0.9;0.7;0.1;0;0.3;0.3;2.6
128;Dewayne Dedmon;C;32;MIA;39;15;17;2.6;4.4;0.595;0.3;0.5;0.571;2.3;3.9;0.599;0.63;1.1;1.4;0.764;1.9;4.4;6.3;0.8;0.4;0.5;1;2.2;6.7
129;Sam Dekker;PF;27;TOR;1;0;1;0;0;0;0;0;0;0;0;0;0;0;0;0;0;0;0;0;0;0;0;0;0
130;Javin DeLaurier;C;23;MIL;1;0;3;0;0;0;0;0;0;0;0;0;0;0;0;0;0;1;1;0;1;0;0;1;0
131;DeMar DeRozan;PF;32;CHI;41;41;34.8;9.3;19.1;0.489;0.6;1.8;0.333;8.7;17.3;0.506;0.505;6.7;7.8;0.856;0.8;4.2;5;4.8;0.8;0.4;2.2;2.2;26
132;Mamadi Diakite;PF;25;OKC;5;0;11.8;1.6;2.8;0.571;0;0;0;1.6;2.8;0.571;0.571;0;0;0;0.8;1.8;2.6;0;0.2;0.2;0.6;2.6;3.2
133;Cheick Diallo;C;25;DET;3;0;10.3;1;2.7;0.375;0;0;0;1;2.7;0.375;0.375;1.7;2;0.833;1.3;2.7;4;0;0.3;0;0.3;2;3.7
134;Hamidou Diallo;SG;23;DET;38;21;22.6;4.5;8.8;0.512;0.4;1.6;0.254;4.1;7.2;0.567;0.534;1.4;2.2;0.627;1;3.6;4.6;1.3;1.3;0.4;1.1;2.5;10.8
135;Gorgui Dieng;C;32;ATL;32;3;9.7;1.2;2.6;0.464;0.6;1.4;0.413;0.6;1.2;0.526;0.577;0.5;0.7;0.739;0.9;2.3;3.2;0.9;0.3;0.4;0.5;1.4;3.6
136;Spencer Dinwiddie;PG;28;WAS;37;37;30.6;4.6;11.5;0.401;1.8;5.3;0.332;2.8;6.2;0.461;0.478;2.8;3.4;0.811;0.7;3.8;4.5;5.8;0.6;0.1;1.6;2.4;13.7
137;Donte DiVincenzo;SG;25;MIL;9;0;18.3;1.3;6.3;0.211;1.1;4.4;0.25;0.2;1.9;0.118;0.298;1.6;1.7;0.933;1.3;3;4.3;1.4;0.6;0.3;1.4;1.7;5.3
138;Luka Don?i?;PG;22;DAL;31;31;35.1;9.1;20.9;0.434;2.3;8;0.291;6.7;12.9;0.521;0.489;4.7;6.3;0.75;0.8;8;8.8;8.7;1.2;0.5;4.6;2.4;25.2
139;Luguentz Dort;SF;22;OKC;41;41;32.2;5.5;13.9;0.398;2.4;7.5;0.324;3.1;6.4;0.485;0.485;2.8;3.3;0.852;0.6;3.4;4;1.6;0.8;0.4;1.6;2.9;16.2
140;Ayo Dosunmu;SG;22;CHI;40;6;21.7;2.9;5.3;0.54;0.8;1.9;0.44;2.1;3.5;0.594;0.617;0.6;1;0.575;0.4;2.1;2.4;1.8;0.6;0.4;1.1;1.9;7.2
141;Damyean Dotson;SG;27;NYK;2;0;10.5;1;2;0.5;0;0.5;0;1;1.5;0.667;0.5;0;0;0;0;1;1;0.5;0;0;0;0;2
142;Devon Dotson;PG;22;CHI;11;0;7.7;1;2.1;0.478;0.2;0.8;0.222;0.8;1.3;0.643;0.522;0.5;0.8;0.556;0.1;0.7;0.8;1.4;0.1;0;0.5;1;2.6
143;Sekou Doumbouya;PF;21;LAL;2;0;8;2.5;4;0.625;0.5;1;0.5;2;3;0.667;0.688;1.5;2;0.75;1;2;3;0;1.5;1;1;0.5;7
144;Jeff Dowtin;PG;24;MIL;1;0;3;0;1;0;0;1;0;0;0;0;0;0;0;0;0;0;0;0;0;0;0;0;0
145;PJ Dozier;SG;25;DEN;18;0;18.9;2;5.5;0.364;0.8;2.7;0.313;1.2;2.8;0.412;0.439;0.6;0.7;0.769;0.8;2.7;3.5;1.6;0.6;0.3;0.7;1.8;5.4
146;Goran Dragi?;PG;35;TOR;5;2;18;2.6;6.8;0.382;0.8;2.8;0.286;1.8;4;0.45;0.441;2;2;1;0.4;2.4;2.8;1.8;1;0.2;0.2;1.6;8
147;Andre Drummond;C;28;PHI;40;11;18.6;2.6;5;0.53;0;0;0;2.6;4.9;0.533;0.53;1;1.9;0.532;2.8;6.1;8.9;1.9;1.2;1;1.7;2.5;6.3
148;Chris Duarte;SG;24;IND;38;26;29.1;5.2;11.7;0.442;1.8;5.1;0.352;3.4;6.7;0.51;0.518;1.4;1.9;0.722;0.7;3.4;4.1;2.2;1.1;0.2;1.6;1.8;13.5
149;David Duke Jr.;PG;22;BRK;14;7;17.4;2.1;5.6;0.372;0.5;1.8;0.28;1.6;3.8;0.415;0.417;1;1.2;0.824;1.9;2.1;4.1;0.9;0.5;0.4;0.6;2;5.6
150;Kevin Durant;PF;33;BRK;36;36;36.5;10.5;20.3;0.52;1.9;5;0.372;8.7;15.3;0.568;0.566;6.3;7.1;0.894;0.6;6.9;7.4;5.8;0.8;0.9;3;1.9;29.3
151;Jaime Echenique;C;24;WAS;1;0;3;0;0;0;0;0;0;0;0;0;0;0;0;0;0;0;0;0;0;0;0;0;0
152;Anthony Edwards;SG;20;MIN;39;39;35.1;8.1;18.3;0.442;3.3;8.7;0.372;4.8;9.5;0.507;0.532;2.7;3.4;0.805;1.1;4.1;5.2;3.6;1.5;0.7;3.1;2.3;22.2
153;Kessler Edwards;SF;21;BRK;14;7;25.6;3.1;7.1;0.444;1.4;3.4;0.426;1.7;3.7;0.462;0.545;0.1;0.1;1;1.3;2.9;4.1;0.9;1;0.7;1.1;1.9;7.8
154;Rob Edwards;SG;25;OKC;2;0;5.5;0.5;2;0.25;0.5;2;0.25;0;0;0;0.375;0;0;0;0;1.5;1.5;0;0;0;0.5;0;1.5
155;CJ Elleby;SF;21;POR;25;0;10.6;1.3;3;0.421;0.5;1.6;0.308;0.8;1.5;0.541;0.5;0.5;0.6;0.813;0.6;1.4;2;0.7;0.5;0;0.4;1.3;3.6
156;Wayne Ellington;SG;34;LAL;30;8;20.1;2.2;5.4;0.399;1.9;5;0.383;0.3;0.5;0.571;0.574;0.1;0.2;0.8;0.2;1.4;1.6;0.7;0.5;0.1;0.5;1;6.4
157;Joel Embiid;C;27;PHI;34;34;32.9;9.1;18.4;0.498;1.3;3.4;0.391;7.8;15;0.523;0.534;8.8;10.8;0.814;2;8.7;10.6;4.2;1;1.4;3;2.6;28.4
158;James Ennis III;SF;31;DEN;3;0;4.7;0.7;2;0.333;0;0.7;0;0.7;1.3;0.5;0.333;0;0.3;0;0.3;0.3;0.7;1;0;0;0.3;0.3;1.3
159;Drew Eubanks;C;24;SAS;41;8;12.4;1.7;3.2;0.515;0;0.1;0.167;1.6;3.1;0.532;0.519;1.3;1.7;0.757;1.2;2.8;3.9;1;0.3;0.6;1;1.3;4.6
160;Tacko Fall;C;26;CLE;11;1;5.4;0.5;1.1;0.417;0;0;0;0.5;1.1;0.417;0.417;0.2;0.6;0.286;0.6;1.5;2.1;0.2;0;0.5;0.3;0.3;1.1
161;Derrick Favors;C;30;OKC;31;13;16;2.4;4.7;0.497;0.1;0.4;0.167;2.3;4.4;0.526;0.503;0.3;0.6;0.556;1.5;3.2;4.7;0.8;0.4;0.2;0.2;1.5;5.1
162;Bruno Fernando;C;23;BOS;14;0;2.7;0.3;0.4;0.667;0;0;0;0.3;0.4;0.667;0.667;0.1;0.2;0.667;0.2;0.4;0.6;0.1;0;0.1;0.4;0.4;0.7
163;Dorian Finney-Smith;PF;28;DAL;45;45;32.1;3.8;8.6;0.446;1.9;5.1;0.368;1.9;3.4;0.561;0.556;0.8;1.2;0.66;1.5;3.3;4.8;1.9;1.2;0.5;1;2.3;10.3
164;Malik Fitts;PF;24;UTA;7;0;5;0.3;1.3;0.222;0.3;0.6;0.5;0;0.7;0;0.333;0;0;0;0;1.4;1.4;0;0;0;0.3;0.4;0.9
165;Malachi Flynn;PG;23;TOR;27;1;8.6;1.1;3.2;0.349;0.4;1.6;0.273;0.7;1.6;0.429;0.419;0.1;0.3;0.571;0.2;0.8;1;0.9;0.4;0.1;0.3;0.9;2.8
166;Bryn Forbes;SG;28;DEN;1;0;19;4;13;0.308;1;3;0.333;3;10;0.3;0.346;0;0;0;1;0;1;1;0;0;0;4;9
167;Aleem Ford;SF;24;ORL;5;0;14.8;1.2;4;0.3;0.4;3;0.133;0.8;1;0.8;0.35;0;0;0;0.4;2.6;3;0.4;0.2;0;0.8;1.4;2.8
168;Trent Forrest;PG;23;UTA;35;2;9.1;0.7;1.3;0.511;0;0.1;0.25;0.6;1.2;0.537;0.522;0.4;0.5;0.737;0.3;1.1;1.4;1.1;0.1;0.1;0.7;0.5;1.7
169;Evan Fournier;SG;29;NYK;44;44;29;5;11.8;0.419;2.7;6.9;0.39;2.3;4.9;0.46;0.534;1.1;1.5;0.734;0.5;2.4;2.8;1.8;0.9;0.3;1.3;1.9;13.7
170;De'Aaron Fox;PG;24;SAC;43;43;34.1;7.9;17.2;0.458;0.9;3.7;0.248;7;13.5;0.515;0.484;4.4;5.9;0.744;0.5;3.3;3.8;5.2;1.2;0.4;2.8;2.8;21
171;Tim Frazier;PG;31;ORL;10;3;20;1.3;4.3;0.302;0.6;1.7;0.353;0.7;2.6;0.269;0.372;0.5;0.9;0.556;0.5;1.4;1.9;3.3;0.3;0.1;1.3;2.4;3.7
172;Enes Freedom;C;29;BOS;30;1;12.6;1.6;2.9;0.545;0;0.1;0.25;1.6;2.8;0.56;0.551;0.7;0.9;0.846;1.9;2.8;4.7;0.2;0.2;0.5;0.6;1.3;4
173;Wenyen Gabriel;PF;24;LAC;6;0;7.7;0.8;2.2;0.385;0.3;0.8;0.4;0.5;1.3;0.375;0.462;0.3;0.7;0.5;0.8;1.5;2.3;0.3;0.2;0.3;0.5;1.8;2.3
174;Daniel Gafford;C;23;WAS;43;43;21.7;4;5.7;0.691;0;0;0;4;5.7;0.691;0.691;1.4;1.9;0.738;2.3;4;6.3;1;0.4;1.7;1;2.4;9.3
175;Danilo Gallinari;PF;33;ATL;35;1;23.1;3.3;7.9;0.422;1.7;4.1;0.403;1.7;3.7;0.443;0.527;2.2;2.3;0.927;0.5;3.7;4.2;1.4;0.4;0.2;0.7;1.4;10.5
176;Langston Galloway;SG;30;MIL;3;0;16.3;0.3;4.3;0.077;0;2.7;0;0.3;1.7;0.2;0.077;0;0;0;0.7;2.7;3.3;2.3;0.3;0;0.3;0.7;0.7
177;Darius Garland;PG;22;CLE;40;40;34.7;7.5;15.9;0.469;2.5;6.9;0.366;5;9;0.548;0.549;2.3;2.5;0.91;0.6;2.8;3.4;8;1.3;0.1;3.6;1.7;19.8
178;Marcus Garrett;SG;23;MIA;12;0;10.7;0.4;1.8;0.238;0.1;0.3;0.25;0.3;1.4;0.235;0.262;0.2;0.4;0.4;0.8;1.2;1.9;0.6;0.4;0.3;0.2;1.3;1.1
179;Usman Garuba;PF;19;HOU;15;0;7;0.5;1.6;0.333;0.1;0.9;0.154;0.4;0.7;0.545;0.375;0.1;0.1;0.5;0.6;1.7;2.3;0.5;0.5;0.4;0.2;0.6;1.3
180;Luka Garza;C;23;DET;27;5;12.1;1.9;4.3;0.436;0.5;1.5;0.325;1.4;2.9;0.494;0.491;1;1.6;0.643;1.7;1.3;3.1;0.6;0.3;0.1;0.6;1.7;5.3
181;Rudy Gay;PF;35;UTA;28;0;19.9;3.1;7.4;0.413;1.5;4.3;0.353;1.6;3.2;0.494;0.514;1.3;1.6;0.822;1;3.7;4.6;1.1;0.6;0.3;0.8;1.9;9
182;Paul George;SF;31;LAC;26;26;35.5;9;21.4;0.421;2.7;8.3;0.323;6.3;13;0.484;0.484;4;4.5;0.88;0.4;6.7;7.1;5.5;2;0.4;4.2;2.5;24.7
183;Taj Gibson;C;36;NYK;29;3;19.1;1.4;2.9;0.494;0.1;0.5;0.267;1.3;2.4;0.543;0.518;0.7;0.9;0.704;1.7;2.9;4.6;0.7;0.4;0.9;0.7;2.7;3.7
184;Josh Giddey;SG;19;OKC;40;40;30.7;4.9;11.9;0.409;1.1;4;0.278;3.8;7.9;0.475;0.456;0.8;1.2;0.673;1.7;5.8;7.5;6.3;1;0.5;2.9;1.6;11.6
185;Shai Gilgeous-Alexander;PG;23;OKC;40;40;34.8;7.7;18.5;0.419;1.6;5.7;0.274;6.2;12.8;0.482;0.461;5.7;6.8;0.831;0.7;4;4.7;5.4;1;0.8;2.4;2.4;22.7
186;Anthony Gill;PF;29;WAS;17;0;6.5;1.1;1.6;0.667;0.3;0.4;0.714;0.8;1.2;0.65;0.759;0.6;0.7;0.833;0.5;1;1.5;0.5;0.1;0.1;0.3;1.1;3
187;Freddie Gillespie;PF;24;ORL;9;2;13.2;1;2.4;0.409;0;0.1;0;1;2.3;0.429;0.409;0.3;0.8;0.429;1.4;2.6;4;0.6;0.3;1;0.6;2;2.3
188;Rudy Gobert;C;29;UTA;41;41;32.4;5.7;7.9;0.714;0;0;0;5.7;7.9;0.716;0.714;4.7;6.9;0.688;3.6;11.4;15;1.1;0.8;2.3;1.9;2.7;16
189;Brandon Goodwin;PG;26;CLE;8;0;15.9;2.4;5.8;0.413;0.5;1.6;0.308;1.9;4.1;0.455;0.457;0.4;1.3;0.3;0.5;1.8;2.3;3.5;1;0;0.8;1.4;5.6
190;Jordan Goodwin;SG;23;WAS;2;0;3;0;1.5;0;0;0.5;0;0;1;0;0;0;0;0;0;0.5;0.5;0;0;0;0;0.5;0
191;Aaron Gordon;PF;26;DEN;41;41;32;5.5;10.6;0.524;1.1;3.2;0.341;4.4;7.3;0.605;0.576;2.3;3.1;0.74;1.7;3.9;5.6;2.5;0.7;0.6;1.7;1.9;14.5
192;Eric Gordon;SG;33;HOU;40;29;29.5;5.2;10.3;0.506;2.4;5.2;0.452;2.9;5.1;0.561;0.62;2;2.7;0.738;0.2;1.7;1.9;3.2;0.6;0.4;2.1;1.1;14.8
193;Devonte' Graham;PG;26;NOP;42;42;31.3;4.6;12.5;0.366;3;8.5;0.357;1.5;4;0.385;0.487;1.6;2;0.819;0.5;2.1;2.6;4.5;1;0.2;1.6;1.4;13.8
194;Jerami Grant;PF;27;DET;24;24;33.2;6.6;15.9;0.414;1.8;5.3;0.331;4.8;10.6;0.455;0.469;5.2;6.1;0.849;1;3.9;4.8;2.6;1.1;1.1;2.1;2.3;20.1
195;Hassani Gravett;PG;25;ORL;8;3;21.4;2.3;4.8;0.474;1.4;3.3;0.423;0.9;1.5;0.583;0.618;0.4;0.5;0.75;0.1;2.5;2.6;2.5;0.6;0.1;1.1;1.6;6.3
196;Danny Green;SF;34;PHI;29;21;23.7;2.3;5.6;0.407;1.8;4.8;0.381;0.4;0.8;0.565;0.571;0.3;0.3;0.9;0.6;2;2.6;1.1;1.3;0.9;0.9;1.8;6.7
197;Draymond Green;PF;31;GSW;34;34;29.9;3.2;5.9;0.537;0.4;1.2;0.286;2.8;4.7;0.604;0.567;1.2;2;0.597;1.1;6.4;7.6;7.4;1.4;1.2;3.1;2.8;7.9
198;Jalen Green;SG;19;HOU;32;32;29.8;4.8;12.7;0.381;1.8;6.2;0.298;3;6.5;0.459;0.453;2.9;3.5;0.829;0.4;2.8;3.2;2.2;0.5;0.2;2.4;1.4;14.4
199;JaMychal Green;PF;31;DEN;35;7;14.9;2.1;4.8;0.437;0.5;2.2;0.25;1.5;2.6;0.593;0.494;1;1.2;0.857;0.9;2.8;3.7;0.8;0.7;0.5;0.9;2.2;5.7
200;Javonte Green;SF;28;CHI;29;18;22.2;2.1;4.3;0.496;0.4;1.1;0.364;1.7;3.2;0.543;0.544;1.1;1.4;0.8;1.5;2.7;4.2;1;0.8;0.4;0.6;2.1;5.8
201;Jeff Green;C;35;DEN;41;29;25.2;4;7.7;0.516;0.8;2.4;0.343;3.1;5.2;0.595;0.57;2;2.5;0.804;0.5;2.7;3.2;1.3;0.3;0.5;1;2.3;10.7
202;Josh Green;SG;21;DAL;31;0;12.1;1.6;3;0.548;0.2;0.6;0.35;1.4;2.4;0.603;0.586;0.5;0.7;0.667;0.6;1.3;1.9;1;0.5;0.2;0.4;1.5;4
203;Blake Griffin;PF;32;BRK;35;20;18.6;2.2;5.8;0.374;0.5;2.7;0.202;1.6;3.1;0.523;0.421;1.1;1.6;0.727;1.1;3.3;4.5;2.1;0.5;0.3;0.5;2;6
204;Quentin Grimes;SG;21;NYK;28;2;14.6;1.8;4.4;0.418;1.4;3.5;0.394;0.4;0.8;0.522;0.578;0.2;0.3;0.667;0.3;1.2;1.5;1;0.6;0.1;0.6;1.4;5.3
205;Kyle Guy;SG;24;MIA;8;0;16.6;2.8;5.9;0.468;1.4;3.5;0.393;1.4;2.4;0.579;0.585;0.5;0.6;0.8;0.1;1.1;1.3;1.9;0.5;0.1;0.8;1.1;7.4
206;Rui Hachimura;PF;23;WAS;7;0;15.6;2.9;7;0.408;0.7;2.1;0.333;2.1;4.9;0.441;0.459;1.7;2.3;0.75;0.3;3.4;3.7;0.4;0.1;0.1;0.6;0.6;8.1
207;Tyrese Haliburton;SG;21;SAC;43;43;34;5.2;11;0.467;2;4.8;0.429;3.1;6.3;0.496;0.56;1.4;1.7;0.819;0.7;3.1;3.9;7.1;1.7;0.7;2.2;1.4;13.7
208;Tyler Hall;SG;24;NYK;1;0;2;0;0;0;0;0;0;0;0;0;0;0;0;0;0;0;0;0;0;0;0;0;0
209;R.J. Hampton;SG;20;ORL;42;1;19.4;2.5;6.7;0.382;0.9;2.5;0.364;1.6;4.1;0.393;0.452;1.1;1.9;0.608;0.3;2.6;2.9;2.4;0.7;0.2;1.3;1.5;7.2
210;Tim Hardaway Jr.;SG;29;DAL;40;20;30.2;5.1;12.9;0.395;2.5;7.4;0.334;2.6;5.5;0.475;0.49;1.8;2.4;0.75;0.3;3.5;3.8;2.3;1;0.2;0.8;1.8;14.5
211;James Harden;PG;32;BRK;40;40;37;6.7;16;0.421;2.4;7.1;0.339;4.3;8.9;0.486;0.496;7.1;8.2;0.866;1;7.1;8.1;10;1.3;0.7;4.8;2.5;23
212;Maurice Harkless;SF;28;SAC;30;14;18.4;1.6;3.5;0.443;0.5;2;0.267;1;1.5;0.674;0.519;0.3;0.5;0.667;0.2;2.1;2.3;0.5;0.4;0.6;0.6;1.5;4
213;Jared Harper;PG;24;NOP;2;0;5;1.5;3.5;0.429;0.5;1;0.5;1;2.5;0.4;0.5;0;0;0;0.5;0;0.5;1.5;0;0.5;0.5;1;3.5
214;Montrezl Harrell;C;28;WAS;39;3;25;5.5;8.4;0.653;0.1;0.4;0.286;5.4;8.1;0.67;0.66;3.3;4.5;0.734;2.2;4.9;7.2;2.2;0.5;0.7;1.1;2;14.5
215;Gary Harris;SG;27;ORL;40;30;29.7;4.3;9.7;0.441;1.7;4.9;0.356;2.6;4.9;0.526;0.53;1.3;1.6;0.839;0.7;1.6;2.3;1.8;0.9;0.2;1.2;2;11.6
216;Joe Harris;SF;30;BRK;14;14;30.2;4;8.9;0.452;2.9;6.3;0.466;1.1;2.6;0.417;0.617;0.4;0.4;0.833;0.4;3.6;4;1;0.5;0.1;1.1;2.2;11.3
217;Tobias Harris;PF;29;PHI;36;36;34.9;6.9;15.1;0.461;1.2;3.7;0.316;5.8;11.4;0.509;0.5;3.2;3.8;0.844;1.1;6.2;7.3;3.8;0.6;0.6;1.6;2.1;18.2
218;Shaquille Harrison;SG;28;BRK;2;0;11.5;1;3;0.333;0;1;0;1;2;0.5;0.333;0;0;0;0.5;1.5;2;1.5;0.5;0.5;1;1.5;2
219;Josh Hart;PF;26;NOP;36;35;33.2;4.8;9.3;0.515;1;3;0.339;3.8;6.3;0.599;0.57;2.6;3.6;0.734;1.4;6.1;7.5;4.3;1;0.3;1.9;2.9;13.3
220;Isaiah Hartenstein;C;23;LAC;33;0;15.9;3.2;4.8;0.663;0.1;0.1;0.667;3.2;4.8;0.662;0.669;1.1;1.7;0.661;1.7;2.6;4.3;1.8;0.8;1.2;0.9;2.5;7.6
221;Udonis Haslem;C;41;MIA;8;0;6.5;1.3;2.5;0.5;0.1;0.3;0.5;1.1;2.3;0.5;0.525;0.4;0.4;1;0.5;1.6;2.1;0.3;0.1;0.1;0.3;1.4;3
222;Sam Hauser;SF;24;BOS;7;0;4.4;0.4;1.6;0.273;0.4;1.6;0.273;0;0;0;0.409;0;0;0;0.1;0.4;0.6;0.1;0.1;0.1;0;0.1;1.3
223;Jaxson Hayes;C;21;NOP;33;0;14;2.5;4.2;0.583;0.2;0.5;0.333;2.3;3.8;0.613;0.601;1.8;2.4;0.744;1.3;2.1;3.4;0.4;0.3;0.7;0.6;1.9;6.8
224;Killian Hayes;PG;20;DET;33;33;25.5;2.2;6.5;0.343;0.8;2.8;0.297;1.4;3.8;0.376;0.405;0.8;1;0.848;0.5;2.5;3;3.6;1.2;0.4;1.5;2.5;6.2
225;Gordon Hayward;SF;31;CHO;45;45;33.1;6.2;13.1;0.471;1.8;4.6;0.397;4.3;8.4;0.512;0.542;2.8;3.3;0.846;0.8;3.9;4.7;3.7;1;0.5;1.7;1.8;17
226;Aaron Henry;SF;22;PHI;6;0;2.8;0.2;0.8;0.2;0;0.2;0;0.2;0.7;0.25;0.2;0;0;0;0;0.2;0.2;0;0;0.3;0.3;0.3;0.3
227;Juancho Hernangómez;PF;26;SAS;1;0;2;0;0;0;0;0;0;0;0;0;0;0;0;0;1;0;1;0;0;0;1;0;0
228;Willy Hernangómez;C;27;NOP;22;3;15.5;3.2;5.7;0.56;0.1;0.1;0.667;3.1;5.5;0.557;0.568;1.6;2.3;0.706;2.5;4.5;7;1.3;0.4;0.2;0.9;1.8;8.1
229;Tyler Herro;SG;22;MIA;38;10;32.9;7.6;17.8;0.43;2.6;6.8;0.388;5;11;0.456;0.504;2.8;3.2;0.876;0.7;4.2;4.9;4;0.6;0.2;2.8;1.4;20.7
230;Buddy Hield;SG;29;SAC;47;6;29.1;5.1;12.9;0.395;3.5;9.2;0.383;1.6;3.7;0.425;0.531;1.7;1.9;0.867;0.7;3.2;3.9;2;0.9;0.3;1.6;2;15.3
231;Haywood Highsmith;SF;25;MIA;4;0;10.5;1;2;0.5;1;1.8;0.571;0;0.3;0;0.75;0;0;0;0.5;0.8;1.3;0;0;0.3;0;0.8;3
232;George Hill;SG;35;MIL;38;15;25.7;2.5;5.8;0.436;0.9;2.8;0.308;1.7;3;0.558;0.511;1.1;1.1;0.952;0.8;2.4;3.2;2.5;0.7;0.1;0.9;1.4;7
233;Malcolm Hill;SF;26;CHI;4;0;12.8;1.3;3;0.417;0.8;2;0.375;0.5;1;0.5;0.542;1;1.5;0.667;1;1.3;2.3;0.5;0;0;0.3;2;4.3
234;Solomon Hill;PF;30;ATL;13;1;10.7;0.2;1.5;0.15;0.2;1;0.154;0.1;0.5;0.143;0.2;0;0;0;0.5;1.3;1.8;0.9;0.3;0.2;0.1;1.2;0.6
235;Nate Hinton;SG;22;IND;2;0;1;0;0.5;0;0;0;0;0;0.5;0;0;0;0;0;0;0;0;0;0;0;0.5;0;0
236;Jaylen Hoard;SF;22;OKC;1;0;2;0;1;0;0;0;0;0;1;0;0;0;0;0;1;1;2;0;0;0;0;0;0
237;Aaron Holiday;PG;25;WAS;35;10;16.2;2.5;5.2;0.475;0.6;1.6;0.382;1.9;3.7;0.516;0.533;0.6;0.7;0.808;0.2;1.5;1.7;1.9;0.5;0.2;0.9;1.5;6.2
238;Jrue Holiday;PG;31;MIL;35;32;32.6;7.2;14.6;0.493;1.8;4.7;0.38;5.4;9.9;0.546;0.554;1.8;2.4;0.729;0.9;3.7;4.6;6.5;1.5;0.6;2.7;1.8;17.9
239;Justin Holiday;SF;32;IND;40;31;28.8;3.8;9.4;0.406;2.7;7.1;0.372;1.2;2.3;0.511;0.546;0.7;0.8;0.818;0.3;2.5;2.8;1.7;0.7;0.4;1;2.1;11
240;Richaun Holmes;C;28;SAC;29;29;25.8;5.2;7.4;0.698;0.1;0.1;0.5;5.1;7.3;0.701;0.702;1.8;2.3;0.788;2.3;5.9;8.2;1.2;0.3;1.1;1.4;3.1;12.2
241;Rodney Hood;SF;29;MIL;34;0;15.8;1.2;3.5;0.356;0.7;2.2;0.32;0.5;1.3;0.419;0.458;0.4;0.4;0.929;0.3;1.5;1.9;0.8;0.3;0.1;0.2;0.8;3.6
242;Scotty Hopson;SG;32;OKC;1;0;18;2;4;0.5;0;1;0;2;3;0.667;0.5;0;0;0;0;1;1;1;0;0;2;1;4
243;Al Horford;C;35;BOS;38;38;29;4;9;0.449;1.2;4.2;0.285;2.8;4.8;0.59;0.515;1.5;1.7;0.862;1.5;5.8;7.3;3.6;0.6;1.4;1.1;2.2;10.7
244;Talen Horton-Tucker;SG;21;LAL;30;15;27.1;4.1;9.8;0.418;0.8;3.2;0.247;3.3;6.6;0.503;0.459;1.6;2.1;0.778;0.6;2.9;3.6;2.7;0.9;0.5;1.5;2.7;10.6
245;Danuel House Jr.;SF;28;UTA;4;0;16.3;1.8;4;0.438;1;2.8;0.364;0.8;1.3;0.6;0.563;0.5;0.5;1;0.5;1.5;2;1.5;0.3;0.3;0.3;1.5;5
246;Dwight Howard;C;36;LAL;36;10;15;1.9;3.1;0.622;0.2;0.3;0.667;1.8;2.8;0.618;0.649;1.3;2.1;0.635;1.9;3.6;5.5;0.6;0.8;0.6;0.9;2;5.3
247;Markus Howard;SG;22;DEN;17;0;6.9;1.4;3.8;0.359;1.1;2.8;0.396;0.2;0.9;0.25;0.508;0.4;0.5;0.875;0;0.3;0.3;0.3;0.4;0;0.4;0.6;4.2
248;Kevin Huerter;SG;23;ATL;38;24;29.1;4.6;9.9;0.459;1.8;5;0.363;2.7;4.9;0.556;0.55;0.6;0.8;0.8;0.4;3.1;3.5;2.9;0.5;0.3;1.3;2;11.6
249;Jay Huff;C;23;LAL;4;0;5;0;0.8;0;0;0.5;0;0;0.3;0;0;0;0;0;0.3;0.8;1;0.3;0.3;0.3;0.3;0.3;0
250;Elijah Hughes;SF;23;UTA;10;1;6.2;1;1.9;0.526;0.7;1.4;0.5;0.3;0.5;0.6;0.711;0.3;0.3;1;0;0.9;0.9;0.4;0.2;0;0.4;0.4;3
251;De'Andre Hunter;SF;24;ATL;17;16;29.1;4.9;10.9;0.454;1.6;4.1;0.4;3.3;6.8;0.487;0.53;1.2;1.8;0.677;0.4;3;3.4;1;0.6;0.5;1.4;2.6;12.8
252;Chandler Hutchison;SF;25;PHO;6;0;3.7;0.2;0.3;0.5;0;0;0;0.2;0.3;0.5;0.5;0.3;0.3;1;0;0.8;0.8;0.3;0;0;0.7;0.2;0.7
253;Bones Hyland;PG;21;DEN;34;0;17.6;2.9;8;0.363;1.7;5;0.339;1.2;3;0.402;0.469;1;1.1;0.892;0.2;2.3;2.5;1.7;0.5;0.3;1.1;2.1;8.5
254;Serge Ibaka;C;32;LAC;28;8;15.4;2.5;5.5;0.458;0.8;2;0.4;1.7;3.5;0.49;0.529;0.5;0.8;0.667;1.2;2.9;4.1;1.1;0.2;0.7;1.1;1.7;6.3
255;Andre Iguodala;SF;38;GSW;25;0;20.5;1.6;4;0.386;0.5;2.4;0.217;1;1.6;0.634;0.45;0.5;0.6;0.813;0.8;2.6;3.4;3.9;0.8;0.8;0.9;1;4.2
256;Joe Ingles;SF;34;UTA;41;11;25.1;2.6;6.4;0.414;1.8;5;0.357;0.8;1.3;0.63;0.556;0.3;0.4;0.778;0.3;2.7;3;3.5;0.6;0.1;1.1;1.8;7.4
257;Brandon Ingram;SF;24;NOP;36;36;34.4;8.2;18.4;0.443;1.6;4.7;0.345;6.6;13.8;0.476;0.486;4.5;5.5;0.818;0.8;5.3;6.1;5.2;0.6;0.3;2.6;2;22.4
258;Kyrie Irving;PG;29;BRK;6;6;34.5;9.5;19.2;0.496;2;5.5;0.364;7.5;13.7;0.549;0.548;1.3;1.3;1;0.5;4.2;4.7;5.2;1;0.3;2;2.3;22.3
259;Wes Iwundu;SF;27;ATL;3;1;27.3;2.7;6;0.444;1;1.7;0.6;1.7;4.3;0.385;0.528;1;1.3;0.75;1;3.3;4.3;0;0.3;0;0.3;2.7;7.3
260;Frank Jackson;PG;23;DET;33;5;22.7;3.7;9.2;0.403;1.9;5.6;0.333;1.8;3.6;0.513;0.505;1.3;1.6;0.83;0.3;1.2;1.5;0.9;0.5;0.2;0.8;1.6;10.7
261;Isaiah Jackson;PF;20;IND;13;0;6.5;1.1;2.5;0.438;0;0.1;0;1.1;2.4;0.452;0.438;0.7;1.2;0.563;0.7;1.4;2.1;0.1;0.4;0.4;0.2;1.2;2.8
262;Jaren Jackson Jr.;PF;22;MEM;47;47;27.5;5.6;13.6;0.414;1.7;5.6;0.314;3.9;8;0.484;0.479;3.5;4.3;0.817;1.3;4.4;5.7;1.1;1;2.2;1.8;3.4;16.5
263;Josh Jackson;SF;24;DET;36;3;18.6;2.8;6.8;0.415;0.8;3.1;0.27;2;3.8;0.533;0.476;1;1.4;0.714;0.5;2.7;3.2;1.3;0.5;0.4;1;1.9;7.5
264;Justin Jackson;SF;26;PHO;3;0;7.7;1.7;2.3;0.714;1;1.7;0.6;0.7;0.7;1;0.929;0;0;0;0.3;1.7;2;0;0;0;0.3;0.7;4.3
265;Reggie Jackson;SG;31;LAC;43;43;31.6;6.3;16.1;0.389;2.4;7.5;0.321;3.8;8.6;0.448;0.464;1.8;2.1;0.844;0.5;3;3.4;4.2;0.8;0.1;2.2;1.9;16.7
266;LeBron James;SF;37;LAL;34;34;36.6;10.8;20.9;0.517;2.9;7.9;0.362;7.9;13;0.611;0.585;4.4;5.8;0.758;1.1;6.5;7.6;6.4;1.6;1.1;3.2;2.2;28.9
267;DeJon Jarreau;SG;24;IND;1;0;1;0;0;0;0;0;0;0;0;0;0;0;0;0;0;0;0;0;0;0;0;0;0
268;DaQuan Jeffries;SG;24;MEM;3;0;3;0.3;0.7;0.5;0;0.3;0;0.3;0.3;1;0.5;0;0;0;0;0.7;0.7;0.3;0;0;0;0.3;0.7
269;Ty Jerome;SG;24;OKC;36;3;15.6;2.6;6.6;0.391;1;3.6;0.287;1.6;3;0.514;0.468;0.8;1;0.806;0.4;1.1;1.5;1.7;0.6;0.1;0.7;1.4;7
270;Isaiah Joe;SG;22;PHI;30;1;12;1.2;3.7;0.333;0.9;2.8;0.306;0.4;0.9;0.423;0.45;0.5;0.5;0.938;0.1;1.1;1.2;0.7;0.3;0.1;0.3;0.8;3.8
271;Alize Johnson;PF;25;WAS;3;0;6;0.7;2;0.333;0;0.7;0;0.7;1.3;0.5;0.333;0;0.3;0;1.7;2.3;4;0;0;0;1;0;1.3
272;B.J. Johnson;SF;26;ORL;4;0;16.3;2.8;6.3;0.44;1;2.5;0.4;1.8;3.8;0.467;0.52;0;0;0;1.5;2.3;3.8;0;0;0.3;0;1;6.5
273;Cameron Johnson;PF;25;PHO;41;6;25.4;4;8.8;0.457;2.4;5.7;0.427;1.6;3.1;0.512;0.596;1.2;1.5;0.836;0.6;3.6;4.2;1.3;0.9;0.2;0.7;1.6;11.7
274;David Johnson;SG;20;TOR;2;0;1;0;0.5;0;0;0.5;0;0;0;0;0;0;0;0;0;0;0;0;0;0;0;0;0
275;Jalen Johnson;PF;20;ATL;11;0;4.7;0.7;1.5;0.471;0.2;0.5;0.333;0.5;1;0.545;0.529;0.4;0.5;0.667;0;1.2;1.2;0.1;0;0;0.2;0.3;2
276;James Johnson;PF;34;BRK;30;2;17.1;2;4.1;0.48;0.2;1;0.241;1.7;3.1;0.553;0.508;0.2;0.6;0.353;0.8;2.5;3.3;1.6;0.4;0.4;0.6;1.9;4.4
277;Joe Johnson;SG;40;BOS;1;0;2;1;1;1;0;0;0;1;1;1;1;0;0;0;0;0;0;0;0;0;0;0;2
278;Keldon Johnson;SF;22;SAS;42;41;30.6;5.6;12.1;0.459;1.7;3.9;0.439;3.9;8.2;0.468;0.529;2;2.7;0.713;1;5.3;6.3;1.6;0.7;0.1;1.3;1.8;14.8
279;Keon Johnson;SG;19;LAC;15;0;9;1.1;3.4;0.333;0.2;0.7;0.273;0.9;2.7;0.35;0.363;1.1;1.4;0.762;0.4;1;1.4;0.9;0.5;0.1;0.5;1.4;3.5
280;Stanley Johnson;PF;25;LAL;12;5;20.5;2.3;4.5;0.519;0.8;2.4;0.345;1.5;2.1;0.72;0.611;1.1;1.4;0.765;0.5;2.3;2.8;1.4;0.8;0.4;0.6;3.2;6.6
281;Tyler Johnson;PG;29;SAS;3;0;17.7;0.7;3.3;0.2;0.7;2;0.333;0;1.3;0;0.3;0;0;0;0.7;1.3;2;1.7;0.7;0.7;0.3;1;2
282;Nikola Joki?;C;26;DEN;39;39;33.1;10.1;17.7;0.572;1.5;4.2;0.37;8.6;13.5;0.634;0.615;4.2;5.3;0.787;2.8;11.1;13.9;7.5;1.4;0.8;3.5;2.5;25.9
283;Carlik Jones;PG;24;DEN;2;0;2;0.5;1;0.5;0;0;0;0.5;1;0.5;0.5;0;0;0;0;0;0;0;0;0;0;0;1
284;Damian Jones;C;26;SAC;27;4;14.1;2.1;3.7;0.58;0.1;0.4;0.25;2;3.3;0.625;0.595;1.2;1.7;0.717;1.5;2.7;4.2;0.8;0.1;0.4;1;2;5.6
285;Derrick Jones Jr.;PF;24;CHI;31;8;17.2;2.3;3.9;0.582;0.5;1.2;0.405;1.8;2.7;0.659;0.643;1.3;1.5;0.848;1.2;2.2;3.4;0.5;0.5;0.7;0.5;2.3;6.3
286;Herbert Jones;C;23;NOP;42;33;29.2;3.5;7;0.502;0.7;1.7;0.4;2.9;5.4;0.533;0.549;1.4;1.8;0.811;1.2;2.5;3.7;1.9;1.5;0.9;1.1;3.1;9.1
287;Jemerrio Jones;SF;26;LAL;2;0;7.5;1;1.5;0.667;0;0;0;1;1.5;0.667;0.667;0;0;0;1;0.5;1.5;0;0.5;0;0;1;2
288;Kai Jones;C;21;CHO;13;0;2.8;0.3;0.5;0.667;0;0.1;0;0.3;0.4;0.8;0.667;0.1;0.3;0.25;0.1;0.4;0.5;0.2;0;0;0.4;0.2;0.7
289;Mason Jones;SG;23;LAL;2;0;4.5;1;4;0.25;0;1;0;1;3;0.333;0.25;0.5;1;0.5;0.5;0.5;1;0;0.5;0;0.5;0.5;2.5
290;Tre Jones;PG;22;SAS;37;2;12.3;1.8;3.6;0.485;0.1;0.4;0.143;1.7;3.2;0.525;0.493;0.6;0.6;0.957;0.4;1.5;1.9;2.2;0.4;0;0.6;0.9;4.2
291;Tyus Jones;PG;25;MEM;45;13;21.1;3.2;6.8;0.471;1;2.5;0.386;2.2;4.3;0.521;0.542;0.8;0.8;0.921;0.3;2.4;2.7;4.2;0.9;0;0.8;0.4;8.2
292;DeAndre Jordan;C;33;LAL;29;18;13;2;3;0.674;0;0;0;2;3;0.674;0.674;0.3;0.6;0.588;1.6;4;5.5;0.4;0.3;0.9;0.7;1.7;4.3
293;Cory Joseph;PG;30;DET;34;8;23.3;2.7;6;0.448;1;2.3;0.436;1.7;3.7;0.456;0.532;1.8;2.1;0.833;0.4;1.9;2.2;4;0.7;0.2;1.4;1.8;8.1
294;Georgios Kalaitzakis;SF;23;MIL;9;0;5.3;0.6;1.2;0.455;0.2;0.4;0.5;0.3;0.8;0.429;0.545;0.4;1;0.444;0.4;0.4;0.9;0;0.1;0.1;0.4;0.9;1.8
295;Frank Kaminsky;C;28;PHO;9;0;20.1;4;7.3;0.545;0.6;1.7;0.333;3.4;5.7;0.608;0.583;2;2.2;0.9;1.2;3.3;4.6;1.4;0.9;0.8;0.6;1.6;10.6
296;Luke Kennard;SG;25;LAC;37;10;28.7;4;9.4;0.427;2.7;6.3;0.431;1.3;3.1;0.417;0.571;0.8;0.9;0.886;0.2;3.1;3.3;2;0.6;0.1;0.8;1.6;11.5
297;Braxton Key;SF;24;PHI;2;0;3;0.5;1;0.5;0;0.5;0;0.5;0.5;1;0.5;0;0;0;0.5;0.5;1;0.5;0.5;0;1;0.5;1
298;George King;SF;28;DAL;4;0;4.8;0;1.3;0;0;1;0;0;0.3;0;0;0.3;0.5;0.5;0;1.3;1.3;0;0;0;0.3;1;0.3
299;Louis King;SF;22;SAC;5;0;11;1.8;5.2;0.346;1;3.2;0.313;0.8;2;0.4;0.442;1.2;1.4;0.857;0;1.6;1.6;0.2;0.4;0;0;1.6;5.8
300;Corey Kispert;SF;22;WAS;41;7;18;2.1;4.9;0.438;0.9;2.8;0.316;1.3;2.1;0.598;0.527;0.8;0.9;0.868;0.5;1.7;2.2;0.8;0.3;0.2;0.5;0.9;6
301;Maxi Kleber;PF;30;DAL;31;14;24.7;2.5;6.1;0.404;1.6;4.6;0.359;0.8;1.5;0.543;0.54;0.7;0.9;0.75;1.1;4.6;5.7;1.2;0.4;0.8;0.8;2.3;7.2
302;Brandon Knight;PG;30;DAL;3;0;18;3;6.7;0.45;1.3;4.3;0.308;1.7;2.3;0.714;0.55;2.7;2.7;1;0;2.3;2.3;2.7;0.3;0;1.3;1.7;10
303;Nathan Knight;PF;24;MIN;22;2;8.3;1.1;2.1;0.511;0.1;0.3;0.286;1;1.8;0.55;0.532;1.3;1.8;0.7;0.9;1.6;2.5;0.6;0.2;0.3;0.5;1.2;3.5
304;Kevin Knox;SF;22;ATL;2;0;9;1;2;0.5;0.5;1.5;0.333;0.5;0.5;1;0.625;0;0;0;0;0.5;0.5;0;0;0;0.5;1;2.5
305;John Konchar;SG;25;MEM;40;4;17.9;1.9;3.6;0.531;0.8;1.7;0.455;1.2;1.9;0.597;0.636;0.4;0.7;0.593;1.2;3.2;4.3;1.4;0.8;0.3;0.5;1.2;5
306;Furkan Korkmaz;SG;24;PHI;41;14;23.8;3.2;8.3;0.389;1.4;4.8;0.287;1.9;3.6;0.524;0.471;1.1;1.3;0.83;0.3;2.8;3.1;2.4;0.6;0.1;0.8;1;8.9
307;Luke Kornet;C;26;MIL;1;0;3;0;1;0;0;0;0;0;1;0;0;0;0;0;1;0;1;0;0;0;0;1;0
308;Vit Krejci;SG;21;OKC;3;0;3;0;0.7;0;0;0.7;0;0;0;0;0;0.7;0.7;1;0;1;1;0;0;0;0.3;0;0.7
309;Arnoldas Kulboka;SF;24;CHO;1;0;3;0;0;0;0;0;0;0;0;0;0;0;0;0;0;0;0;0;0;0;0;0;0
310;Jonathan Kuminga;SF;19;GSW;34;4;11.9;2.3;4.8;0.476;0.5;1.6;0.302;1.8;3.3;0.559;0.524;1.4;2.2;0.653;0.5;1.9;2.4;0.5;0.4;0.2;0.8;1.5;6.5
311;Kyle Kuzma;PF;26;WAS;43;43;33.3;5.9;13.1;0.454;1.8;5.5;0.323;4.2;7.6;0.547;0.521;2.1;3;0.69;1.1;7.8;8.8;2.9;0.6;0.8;2.2;2;15.7
312;Anthony Lamb;SF;24;SAS;2;0;4;0;1;0;0;1;0;0;0;0;0;0;0;0;0;0.5;0.5;1;0;0;0;0;0
313;Jeremy Lamb;SF;29;IND;31;0;14.8;2.2;5.9;0.368;1;3;0.337;1.2;2.9;0.4;0.453;1.7;1.9;0.898;0.4;1.9;2.4;1.3;0.5;0.4;0.6;1.2;7
314;Jock Landale;C;26;SAS;28;1;10.5;1.9;3.6;0.52;0.6;1.5;0.39;1.3;2.1;0.61;0.6;0.7;0.8;0.87;1.3;1.1;2.4;1;0.2;0.4;0.7;0.9;5
315;Romeo Langford;SG;22;BOS;36;5;18.1;1.9;4.5;0.432;0.7;2;0.333;1.3;2.5;0.511;0.506;0.5;0.8;0.643;0.8;1.9;2.8;0.5;0.6;0.4;0.4;1.2;5.1
316;Zach LaVine;SF;26;CHI;38;38;34;9;18.4;0.491;2.9;7.2;0.412;6.1;11.2;0.542;0.572;3.9;4.5;0.872;0.3;4.4;4.8;4.2;0.6;0.3;2.8;1.6;24.9
317;Jake Layman;SF;27;MIN;19;1;8.3;0.9;2.4;0.37;0.2;1.3;0.167;0.7;1.2;0.591;0.413;0.3;0.4;0.75;0.2;1;1.2;0.3;0.3;0.2;0.4;0.4;2.3
318;Damion Lee;SG;29;GSW;35;2;20.3;3;6.5;0.456;1.1;3.1;0.352;1.9;3.4;0.55;0.539;1.1;1.2;0.86;0.4;2.7;3.1;0.9;0.6;0.1;0.7;1.5;8.1
319;Saben Lee;PG;22;DET;26;0;15.4;1.8;4.7;0.38;0.5;1.7;0.273;1.3;3;0.442;0.43;1.3;1.7;0.767;0.4;2.2;2.5;2.4;1;0.4;1;0.9;5.3
320;Alex Len;C;28;SAC;30;9;17.4;2.6;5;0.523;0.2;0.6;0.316;2.4;4.4;0.553;0.543;1.1;1.7;0.654;1.6;3.2;4.8;1.2;0.3;0.8;1.3;2.9;6.6
321;Caris LeVert;SG;27;IND;32;32;30.6;7;15.7;0.447;1.6;5;0.325;5.4;10.7;0.504;0.499;2.8;3.4;0.8;0.7;2.9;3.6;4.1;1;0.5;1.8;2.3;18.4
322;Kira Lewis Jr.;PG;20;NOP;24;0;14.2;2.5;6.1;0.404;0.5;2.4;0.224;1.9;3.7;0.523;0.449;0.4;0.5;0.833;0.4;1.3;1.6;2;0.5;0;1.1;0.7;5.9
323;Scottie Lewis;SG;21;CHO;2;0;3.5;0;0;0;0;0;0;0;0;0;0;0.5;1;0.5;0;0;0;0.5;0.5;0;0;0;0.5
324;Damian Lillard;PG;31;POR;29;29;36.4;7.7;19;0.402;3.2;9.8;0.324;4.5;9.2;0.485;0.486;5.5;6.2;0.878;0.4;3.7;4.1;7.3;0.6;0.4;2.9;1.3;24
325;Nassir Little;SF;21;POR;40;21;25.5;3.3;7.3;0.444;1.1;3.6;0.31;2.1;3.7;0.574;0.52;1.7;2.2;0.742;1.4;4.2;5.5;1.2;0.6;0.9;0.9;2;9.3
326;Isaiah Livers;SF;23;DET;1;0;5;0;2;0;0;2;0;0;0;0;0;0;0;0;0;0;0;0;1;1;1;1;0
327;Kevon Looney;C;25;GSW;46;46;20.5;2.5;4.7;0.547;0;0;0;2.5;4.6;0.549;0.547;1;1.6;0.635;2.7;4.6;7.3;1.6;0.6;0.8;0.9;2.6;6.1
328;Brook Lopez;C;33;MIL;1;1;28;3;9;0.333;2;4;0.5;1;5;0.2;0.444;0;0;0;2;3;5;0;1;3;0;3;8
329;Robin Lopez;C;33;ORL;22;9;18.6;3.8;6.5;0.583;0;0.2;0.25;3.8;6.4;0.593;0.587;0.9;1.5;0.594;2.3;1.5;3.8;1.9;0;0.5;1.3;2;8.5
330;Didi Louzada;SF;22;NOP;2;0;3.5;0;1.5;0;0;1.5;0;0;0;0;0;0;0;0;1;0;1;0.5;0;0;0;0;0
331;Kevin Love;PF;33;CLE;38;2;21.3;4.3;10;0.434;2.4;6.1;0.403;1.9;3.9;0.483;0.557;2.9;3.2;0.886;1.1;6;7.1;2.1;0.3;0.2;1.2;0.9;14
332;Kyle Lowry;PG;35;MIA;39;39;34.2;4.5;10.8;0.412;2.1;6.4;0.327;2.4;4.5;0.534;0.508;2.4;2.8;0.847;0.6;3.8;4.5;8.3;1;0.4;3.1;2.8;13.4
333;Timothé Luwawu-Cabarrot;SF;26;ATL;30;12;14.3;1.5;3.9;0.385;0.9;2.7;0.346;0.6;1.2;0.472;0.504;0.6;0.7;0.85;0.3;1.3;1.5;0.8;0.4;0.1;0.4;1.5;4.5
334;Trey Lyles;PF;26;DET;42;3;19.4;3.2;7.3;0.443;0.9;2.9;0.293;2.4;4.4;0.543;0.502;2.5;3.2;0.782;1.3;3.5;4.8;1.2;0.4;0.5;1;1.8;9.8
335;Théo Maledon;PG;20;OKC;21;0;13.6;1;3.7;0.282;0.4;2.1;0.182;0.7;1.6;0.412;0.333;1.2;1.4;0.867;0.4;1.4;1.8;1;0.5;0.1;0.9;1;3.7
336;Sandro Mamukelashvili;PF;22;MIL;23;2;11.6;1.4;3.3;0.427;0.6;1.5;0.371;0.8;1.7;0.475;0.513;0.4;0.5;0.75;1.1;1.1;2.3;0.6;0.3;0.3;0.4;0.7;3.7
337;Terance Mann;SF;25;LAC;46;15;29.4;3.9;8.2;0.476;1;2.8;0.369;2.9;5.4;0.532;0.54;1.4;1.9;0.744;1.4;3.9;5.3;2.3;0.5;0.1;1.1;2.2;10.3
338;Tre Mann;PG;20;OKC;32;2;17.4;2.7;6.9;0.395;1;2.9;0.351;1.7;3.9;0.429;0.47;0.6;0.9;0.667;0.4;1.9;2.3;0.8;0.6;0.2;0.7;1.6;7.1
339;Boban Marjanovi?;C;33;DAL;16;0;5.9;2.2;3.5;0.625;0.1;0.2;0.333;2.1;3.3;0.642;0.634;0.5;1;0.5;0.4;1.4;1.9;0.1;0;0.1;0.7;1.2;4.9
340;Lauri Markkanen;PF;24;CLE;37;37;30.7;5;11.5;0.433;2;6;0.335;3;5.6;0.539;0.52;1.7;2;0.863;1.1;4.3;5.4;1.5;0.8;0.5;0.8;1.8;13.7
341;Naji Marshall;SF;24;NOP;23;0;9.6;1;3;0.329;0.2;1.2;0.143;0.8;1.8;0.452;0.357;1.1;1.3;0.862;0.6;1.8;2.4;0.9;0.4;0.1;0.9;1;3.3
342;Caleb Martin;SF;26;MIA;36;9;23.1;3.7;7.2;0.517;1;2.8;0.37;2.7;4.4;0.61;0.589;1.1;1.6;0.714;1.3;2.8;4;0.9;1.1;0.5;0.8;1.7;9.6
343;Cody Martin;SF;26;CHO;41;6;27;3;6.4;0.466;1;2.3;0.447;2;4.1;0.476;0.546;1.2;1.7;0.714;1.3;3;4.2;2.7;1.4;0.5;0.9;1.6;8.2
344;Kelan Martin;SF;26;IND;27;1;16.4;2.6;6.2;0.417;0.8;2.7;0.297;1.8;3.5;0.511;0.482;0.3;0.5;0.692;0.6;1.4;2;0.8;0.5;0.3;0.5;1.3;6.3
345;Kenyon Martin Jr.;SF;21;HOU;44;0;19.1;3.2;6.2;0.515;0.6;1.8;0.309;2.6;4.4;0.601;0.56;1;1.6;0.657;1;2.8;3.8;1.4;0.4;0.5;0.7;1.3;8
346;Garrison Mathews;SG;25;HOU;30;16;27.6;3.3;7.9;0.416;2.5;6.6;0.377;0.8;1.3;0.615;0.574;2.4;2.9;0.818;0.5;3.1;3.6;0.9;0.7;0.4;0.6;3;11.5
347;Dakota Mathias;SG;26;MEM;6;0;2.7;0.3;1;0.333;0.3;1;0.333;0;0;0;0.5;0;0;0;0;0.3;0.3;0.2;0.2;0;0;0.2;1
348;Wesley Matthews;SG;35;MIL;20;6;20.8;2.5;5.3;0.467;1.5;3.8;0.4;1;1.5;0.633;0.61;0.2;0.3;0.5;0.6;1.6;2.2;0.8;0.5;0.3;0.5;1.8;6.6
349;Tyrese Maxey;PG;21;PHI;38;37;35.2;6.3;13.4;0.468;1.4;3.5;0.406;4.8;9.9;0.489;0.521;2.7;3.1;0.874;0.4;3.1;3.4;4.4;0.7;0.5;1.1;2.1;16.7
350;Skylar Mays;SG;24;ATL;17;5;10.8;1.8;3.5;0.525;0.5;1.5;0.32;1.4;2;0.676;0.593;0.4;0.4;1;0.3;1.1;1.4;0.8;0.4;0;0.4;0.4;4.5
351;Miles McBride;PG;21;NYK;18;2;8.1;0.8;3;0.278;0.3;1.6;0.179;0.6;1.4;0.385;0.324;0.2;0.2;0.75;0.1;0.8;0.9;1.2;0.4;0.1;0.2;0.8;2.1
352;Mac McClung;PG;23;CHI;1;0;3;1;1;1;0;0;0;1;1;1;1;0;0;0;0;0;0;0;0;0;1;0;2
353;CJ McCollum;SG;30;POR;27;27;35;8;18.6;0.427;3.3;8.1;0.402;4.7;10.5;0.447;0.515;1.5;2.1;0.702;1;3;4;4.3;1.1;0.7;2.1;2.1;20.7
354;T.J. McConnell;PG;29;IND;24;6;24.2;3.8;7.5;0.503;0.3;1;0.28;3.5;6.5;0.538;0.522;0.5;0.6;0.8;0.8;2.5;3.3;4.8;1;0.4;1.2;1.8;8.4
355;Jaden McDaniels;PF;21;MIN;42;17;25.8;3.2;7.7;0.415;0.9;3.4;0.264;2.3;4.3;0.536;0.474;0.7;0.9;0.784;1.3;3.1;4.4;1;0.8;0.7;1.1;3.4;8
356;Jalen McDaniels;SF;24;CHO;39;2;17.6;2.5;5.1;0.492;0.8;2.2;0.372;1.7;2.8;0.586;0.574;0.8;1.2;0.674;0.7;2.7;3.5;1.1;0.5;0.4;0.8;1.8;6.6
357;Doug McDermott;PF;30;SAS;31;31;24.5;4.3;9.4;0.455;2.2;5.2;0.416;2.1;4.2;0.504;0.57;0.6;0.9;0.704;0.4;2.1;2.5;1.2;0.2;0.1;0.8;1.5;11.4
358;JaVale McGee;C;34;PHO;40;12;16.2;4.3;6.5;0.656;0;0.1;0.25;4.2;6.4;0.663;0.658;1.5;2.3;0.678;2.2;4.7;6.9;0.7;0.3;0.8;1.5;2.6;10.1
359;Cameron McGriff;SF;24;POR;3;0;15.3;1.7;4.7;0.357;0.7;2;0.333;1;2.7;0.375;0.429;0.7;0.7;1;2;3;5;1;0;0.3;0;2.3;4.7
360;Rodney McGruder;SG;30;DET;20;0;12;1.8;3.7;0.473;0.9;2.1;0.415;0.9;1.7;0.545;0.588;0.2;0.3;0.667;0.7;1.4;2.1;0.7;0.3;0.1;0.5;0.8;4.6
361;Alfonzo McKinnie;SF;29;CHI;12;3;15.4;1.9;4.8;0.404;0.8;2.2;0.346;1.2;2.6;0.452;0.482;0.1;0.5;0.167;1.1;1;2.1;0.3;0.2;0.3;0.5;1.7;4.7
362;JaQuori McLaughlin;PG;24;DAL;4;0;2.8;0;0.5;0;0;0.3;0;0;0.3;0;0;0;0;0;0;0;0;0.5;0;0;0;0.3;0
363;Jordan McLaughlin;PG;25;MIN;28;2;11.2;0.8;2.6;0.284;0.1;1;0.143;0.6;1.6;0.37;0.311;0.5;0.8;0.682;0.2;0.9;1.1;2.4;0.6;0;0.7;0.5;2.2
364;Ben McLemore;SG;28;POR;28;4;17.2;2.9;7;0.416;2.3;5.6;0.399;0.7;1.4;0.487;0.576;0.7;0.9;0.792;0.3;1.1;1.4;0.8;0.4;0.1;0.8;1.5;8.8
365;De'Anthony Melton;SG;23;MEM;39;13;22.7;3.5;9;0.386;1.5;4.8;0.317;2;4.3;0.464;0.47;1.2;1.7;0.708;0.9;3.4;4.3;2.7;1.6;0.6;1.5;1.8;9.7
366;Sam Merrill;SG;25;MEM;6;0;9.7;1.3;4;0.333;1.2;3.8;0.304;0.2;0.2;1;0.479;0.3;0.7;0.5;0.2;1;1.2;0.7;0;0;0.3;0.5;4.2
367;Chimezie Metu;C;24;SAC;31;19;22.5;3.5;8.3;0.422;1;3.7;0.278;2.5;4.6;0.538;0.484;1;1.4;0.744;0.6;5.5;6.1;1.1;0.9;0.6;0.9;1.5;9.1
368;Khris Middleton;SF;30;MIL;36;36;31.9;6.6;15;0.436;2.4;6.2;0.381;4.2;8.8;0.475;0.515;4.2;4.8;0.883;0.6;5.1;5.7;5.3;1.1;0.3;3.2;2.3;19.7
369;C.J. Miles;SG;34;BOS;1;0;2;0;0;0;0;0;0;0;0;0;0;0;0;0;0;0;0;0;0;0;0;1;0
370;Patty Mills;PG;33;BRK;44;27;30.9;4.7;10.8;0.438;3.2;7.5;0.423;1.5;3.3;0.472;0.585;0.7;0.8;0.886;0.2;1.9;2.1;2.5;0.6;0.3;1;1.4;13.3
371;Paul Millsap;PF;36;BRK;24;0;11.3;1.3;3.5;0.376;0.3;1.1;0.222;1.1;2.4;0.448;0.412;0.5;0.7;0.706;1.2;2.5;3.7;1;0.2;0.5;0.5;2;3.4
372;Shake Milton;PG;25;PHI;27;6;24.7;4;9.4;0.429;0.9;2.9;0.316;3.1;6.5;0.48;0.478;1.5;1.8;0.854;0.5;2.5;3;2.8;0.7;0.4;1.1;2.1;10.5
373;Davion Mitchell;PG;23;SAC;41;1;24.7;3.7;9.5;0.393;1.1;3.7;0.307;2.6;5.8;0.449;0.454;0.5;0.9;0.595;0.6;1.7;2.3;3.2;0.7;0.3;1;1.8;9.1
374;Donovan Mitchell;SG;25;UTA;40;40;33.5;9.3;20.7;0.45;3.2;9.5;0.339;6.1;11.2;0.545;0.528;3.7;4.2;0.876;0.8;3.1;4;5.2;1.6;0.2;3;2.5;25.5
375;Evan Mobley;PF;20;CLE;38;38;34.2;6.2;12.1;0.511;0.4;1.4;0.296;5.8;10.7;0.539;0.528;2.2;3.1;0.706;1.7;6.2;7.8;2.6;0.8;1.7;1.8;2.1;15
376;Malik Monk;SG;23;LAL;41;11;26.2;4.4;9.3;0.476;2.1;5.1;0.408;2.3;4.2;0.561;0.589;1;1.2;0.824;0.5;2.6;3.1;2.3;0.7;0.5;1.3;1.6;12
377;Greg Monroe;C;31;WAS;2;0;9;2;4;0.5;0;0;0;2;4;0.5;0.5;0;0;0;3.5;1.5;5;0.5;0.5;0.5;1;1;4
378;Moses Moody;SG;19;GSW;26;1;7;0.8;2.3;0.339;0.2;1.3;0.121;0.6;1;0.615;0.373;0.5;0.6;0.8;0.2;0.9;1;0.3;0.1;0.2;0.2;0.5;2.2
379;Xavier Moon;SG;27;LAC;6;0;13.8;2.3;5.7;0.412;0.5;1.7;0.3;1.8;4;0.458;0.456;0.3;0.5;0.667;0.2;1.3;1.5;1.7;0.8;0.2;0.5;0.7;5.5
380;Matt Mooney;SG;24;NYK;1;0;2;0;1;0;0;1;0;0;0;0;0;0;0;0;0;0;0;0;1;0;1;0;0
381;Ja Morant;PG;22;MEM;35;35;32.6;9.3;19.1;0.489;1.6;4.4;0.357;7.7;14.7;0.528;0.53;4.9;6.3;0.776;1.3;4.5;5.8;6.9;1.3;0.4;3.3;1.3;25.1
382;Juwan Morgan;PF;24;TOR;1;0;27;2;3;0.667;1;2;0.5;1;1;1;0.833;0;0;0;2;2;4;1;0;0;0;3;5
383;Jaylen Morris;SG;26;SAS;3;0;5.3;0;2;0;0;0.7;0;0;1.3;0;0;0.7;1.3;0.5;0;0.7;0.7;0.7;0;0;0.3;0.7;0.7
384;Marcus Morris;PF;32;LAC;25;25;30.6;5.7;13.4;0.428;2;5.4;0.375;3.7;7.9;0.465;0.504;2.5;2.9;0.863;0.6;4.6;5.2;2.2;0.5;0.4;1.4;2.3;16
385;Markieff Morris;PF;32;MIA;10;0;18.7;3.2;7;0.457;0.8;2.2;0.364;2.4;4.8;0.5;0.514;0.5;0.5;1;1.3;1.5;2.8;1.4;0.3;0.1;1.2;2.2;7.7
386;Monte Morris;PG;26;DEN;41;40;30;5.2;10.9;0.478;1.7;4.5;0.377;3.5;6.5;0.547;0.555;0.7;0.9;0.771;0.3;2.5;2.8;4;0.8;0.1;1.2;1.3;12.8
387;Emmanuel Mudiay;PG;25;SAC;2;0;5.5;0;1;0;0;0;0;0;1;0;0;1.5;2;0.75;0;0;0;2;0.5;0;0.5;0.5;1.5
388;Mychal Mulder;PG;27;ORL;15;2;13;1.3;4.5;0.299;0.9;3.1;0.283;0.5;1.4;0.333;0.396;0.1;0.1;1;0.1;1.3;1.4;0.2;0.3;0.1;0.5;0.8;3.7
389;Ade Murkey;SG;24;SAC;1;0;1;0;0;0;0;0;0;0;0;0;0;0;0;0;0;0;0;0;0;0;0;0;0
390;Trey Murphy III;SF;21;NOP;36;0;12.8;1.2;3.7;0.328;0.9;2.7;0.34;0.3;1;0.297;0.451;0.4;0.5;0.824;0.7;1.4;2.1;0.6;0.3;0.1;0.3;0.9;3.8
391;Dejounte Murray;PG;25;SAS;41;41;34.3;8;17.9;0.45;1.4;4.3;0.326;6.7;13.6;0.488;0.488;1.8;2.5;0.733;1.3;7.1;8.5;8.9;2;0.4;2.4;2;19.3
392;Mike Muscala;C;30;OKC;38;0;13.5;2.6;5.6;0.465;1.6;3.7;0.439;1;1.9;0.514;0.608;1.2;1.3;0.88;0.4;2.5;2.9;0.5;0.4;0.6;0.3;1.3;8
393;Svi Mykhailiuk;SF;24;TOR;38;5;16.9;2.2;5.3;0.408;0.9;2.9;0.315;1.2;2.4;0.522;0.495;0.7;0.8;0.844;0.5;1.8;2.3;1.1;0.6;0.1;0.7;1.2;5.9
394;Abdel Nader;SF;28;PHO;14;0;10.4;0.9;2.5;0.343;0.3;1;0.286;0.6;1.5;0.381;0.4;0.4;0.7;0.6;0.3;1.6;1.9;0.5;0.6;0.3;0.8;1.4;2.4
395;Larry Nance Jr.;PF;29;POR;37;11;23.2;2.8;5.4;0.515;0.5;1.7;0.306;2.2;3.7;0.61;0.563;0.9;1.3;0.653;1.6;4.1;5.6;2;1;0.4;0.7;1.8;6.9
396;RJ Nembhard Jr.;SG;22;CLE;6;0;7;0.8;1.8;0.455;0;0.2;0;0.8;1.7;0.5;0.455;0.2;0.3;0.5;0;0.3;0.3;1.7;0;0;0.2;0.3;1.8
397;Aaron Nesmith;SF;22;BOS;31;1;10.7;1.2;3.3;0.373;0.5;2.2;0.235;0.7;1.1;0.647;0.451;0.3;0.4;0.818;0.3;1.5;1.7;0.4;0.3;0.1;0.6;1.3;3.3
398;Raul Neto;PG;29;WAS;39;0;20.1;3;6.7;0.448;0.4;1.7;0.227;2.6;5;0.523;0.477;1.1;1.5;0.759;0.2;1.9;2.1;2.6;0.7;0;1.3;1.6;7.5
399;Malik Newman;PG;24;CLE;1;0;8;3;5;0.6;0;1;0;3;4;0.75;0.6;2;2;1;0;1;1;1;0;0;1;0;8
400;Georges Niang;PF;28;PHI;41;5;23;3.4;8;0.433;2;5;0.386;1.5;2.9;0.513;0.555;0.9;1;0.878;0.4;2.3;2.7;1.4;0.5;0.2;0.7;2.7;9.7
401;Daishen Nix;SG;19;HOU;8;0;8.4;1.6;2.5;0.65;0.4;0.9;0.429;1.3;1.6;0.769;0.725;0.1;0.4;0.333;0.1;1.1;1.3;1.3;0.9;0;1.1;0.4;3.8
402;Zeke Nnaji;PF;21;DEN;28;0;14.9;2.1;4.3;0.479;0.9;1.9;0.472;1.2;2.4;0.485;0.583;1;1.6;0.63;1.1;2.2;3.4;0.3;0.3;0.3;0.3;1.8;6.1
403;Nerlens Noel;C;27;NYK;18;10;23;1.3;2.6;0.511;0;0.2;0;1.3;2.4;0.545;0.511;0.8;1;0.833;2.2;3.7;5.8;0.8;1.1;1.5;0.8;2.7;3.5
404;Jaylen Nowell;SG;22;MIN;30;0;14.3;3.1;6.5;0.48;0.9;2.3;0.371;2.3;4.2;0.54;0.546;1;1.4;0.707;0.3;1.8;2.1;2;0.6;0.2;0.5;1.1;8.1
405;Frank Ntilikina;PG;23;DAL;36;5;12.8;1.5;4.1;0.374;0.8;2.1;0.355;0.8;2;0.394;0.466;0.5;0.5;1;0.2;1.2;1.4;1.3;0.6;0.1;0.6;1.1;4.3
406;Jusuf Nurki?;C;27;POR;42;42;27.1;5.5;10.1;0.54;0.2;1;0.209;5.2;9.1;0.577;0.551;3.2;4.5;0.707;2.7;8.1;10.8;2.8;1.2;0.6;2.4;3.4;14.3
407;David Nwaba;SF;29;HOU;33;4;14.2;2;4.3;0.475;0.3;1.1;0.286;1.7;3.2;0.538;0.511;1;1.4;0.702;0.9;3;3.9;0.8;0.7;0.5;0.5;1.2;5.4
408;Jordan Nwora;SF;23;MIL;36;9;20.3;3.3;8;0.413;1.5;4.1;0.374;1.8;3.9;0.454;0.509;0.4;0.5;0.737;0.7;3.3;4;1;0.5;0.4;1.1;1.1;8.5
409;Royce O'Neale;SF;28;UTA;43;43;31.6;2.6;5.4;0.487;1.5;3.6;0.406;1.2;1.8;0.649;0.623;0.7;0.9;0.763;0.8;4.3;5.2;2.5;1.3;0.5;0.9;2.5;7.4
410;Semi Ojeleye;PF;27;MIL;17;0;17.1;0.9;3.9;0.224;0.5;2.3;0.231;0.4;1.6;0.214;0.291;0.5;0.6;0.818;1.5;1.9;3.4;0.3;0.3;0.3;0.3;1.5;2.8
411;Chuma Okeke;PF;23;ORL;36;10;23.5;2.8;7.7;0.361;1.3;4.5;0.278;1.5;3.2;0.478;0.442;0.8;0.9;0.848;0.6;3.9;4.5;1.3;1.4;0.4;0.8;1.4;7.6
412;Josh Okogie;SG;23;MIN;29;6;12.9;0.8;2.4;0.329;0.3;1.1;0.25;0.5;1.3;0.395;0.386;0.8;1.3;0.622;0.9;1.2;2;0.6;0.6;0.3;0.5;1.3;2.7
413;Onyeka Okongwu;C;21;ATL;13;6;24.7;3.8;5.1;0.758;0;0;0;3.8;5.1;0.758;0.758;1.8;2.6;0.706;2.4;3.8;6.2;1.2;0.7;1.8;1.3;3.5;9.5
414;Isaac Okoro;SF;21;CLE;31;25;28;3.2;7.1;0.452;0.8;2.8;0.302;2.4;4.4;0.548;0.511;1.7;2.4;0.73;1.1;2.2;3.2;1.8;0.8;0.3;1.1;2.5;9
415;KZ Okpala;PF;22;MIA;21;0;11.6;1.4;3.3;0.435;0.4;1.2;0.346;1;2;0.488;0.5;0.4;0.5;0.727;0.5;1.4;2;0.7;0.2;0.3;0.2;1.2;3.7
416;Cameron Oliver;SF;25;ATL;2;0;21.5;5;7.5;0.667;0.5;1.5;0.333;4.5;6;0.75;0.7;1;1.5;0.667;1;2;3;1.5;0.5;0.5;0;2.5;11.5
417;Kelly Olynyk;C;30;DET;12;1;22.6;4.5;10.1;0.446;1.3;4.3;0.314;3.2;5.8;0.543;0.512;2.3;3.6;0.628;1.4;4.1;5.5;2.8;1.3;0.7;1.5;2.8;12.6
418;Eugene Omoruyi;SF;24;DAL;4;0;4.5;0.5;1.3;0.4;0.3;0.5;0.5;0.3;0.8;0.333;0.5;0.5;1;0.5;0.5;1.3;1.8;0.5;0;0;0;0.5;1.8
419;Miye Oni;SG;24;UTA;16;0;2.8;0.1;0.6;0.222;0.1;0.5;0.125;0.1;0.1;1;0.278;0;0.1;0;0.1;0.4;0.4;0.3;0;0;0.1;0.4;0.3
420;Cedi Osman;SF;26;CLE;34;0;22.7;3.8;8.8;0.431;2;5.6;0.363;1.8;3.2;0.55;0.547;1.1;1.7;0.655;0.4;2.1;2.5;1.7;1;0.2;0.9;1.8;10.7
421;Daniel Oturu;C;22;TOR;3;0;9;1;2;0.5;0;0.3;0;1;1.7;0.6;0.5;1;1.7;0.6;0.3;1.3;1.7;0;0;0.7;0;0.3;3
422;Kelly Oubre Jr.;SF;26;CHO;42;10;28;6;13.3;0.453;2.8;7.7;0.367;3.2;5.6;0.573;0.56;1.5;2.4;0.657;1;2.9;3.9;1.2;1.2;0.4;1;2.4;16.4
423;Jaysean Paige;PG;27;DET;1;0;7;0;3;0;0;2;0;0;1;0;0;0;0;0;0;1;1;1;0;0;1;2;0
424;Trayvon Palmer;SG;27;DET;1;0;17;0;1;0;0;0;0;0;1;0;0;0;0;0;0;2;2;0;0;0;1;2;0
425;Kevin Pangos;PG;29;CLE;20;3;8.1;0.8;2.3;0.333;0.3;1.3;0.231;0.5;1;0.474;0.4;0.2;0.2;0.75;0.1;0.5;0.6;1.5;0.2;0;0.4;0.5;2
426;Jabari Parker;PF;26;BOS;12;0;9.3;1.5;3.2;0.474;0.7;1.3;0.5;0.8;1.8;0.455;0.579;0.8;0.8;1;0.4;1.9;2.3;0.5;0.3;0.1;0.7;1.1;4.4
427;Eric Paschall;PF;25;UTA;32;1;11.8;1.7;3.4;0.491;0.6;1.7;0.333;1.1;1.8;0.643;0.573;0.9;1.3;0.725;0.6;1.3;1.9;0.6;0.1;0.1;0.5;0.9;4.8
428;Chris Paul;PG;36;PHO;44;44;32.3;5.3;11.1;0.479;1;3;0.321;4.4;8.1;0.536;0.521;2.4;2.9;0.843;0.3;4;4.3;10;1.9;0.3;2.2;2.2;14
429;Cameron Payne;PG;27;PHO;39;0;20.7;4;9.9;0.404;1.1;3.4;0.331;2.9;6.5;0.443;0.461;1.4;1.6;0.873;0.4;2.4;2.8;3.6;0.6;0.3;1.8;1.9;10.5
430;Elfrid Payton;PG;27;PHO;24;0;11;1.5;3.7;0.404;0;0.2;0.2;1.5;3.5;0.417;0.41;0.3;0.6;0.533;0.5;1.5;1.9;1.8;0.5;0.1;1;1;3.4
431;Gary Payton II;PG;29;GSW;43;9;16.7;3.2;5.1;0.638;0.7;1.7;0.392;2.6;3.3;0.764;0.704;0.6;1;0.571;1.1;2.6;3.7;0.8;1.3;0.2;0.5;1.7;7.7
432;Norvel Pelle;C;28;UTA;3;0;6.3;1;1.7;0.6;0;0;0;1;1.7;0.6;0.6;0;0;0;1;1;2;0;0;0.3;0.7;0.3;2
433;Reggie Perry;PF;21;POR;2;0;20.5;2;4.5;0.444;0.5;1;0.5;1.5;3.5;0.429;0.5;1;1;1;1;2.5;3.5;1;0.5;0;0.5;3;5.5
434;Jamorko Pickett;PF;24;DET;6;0;7.8;0.2;1.7;0.1;0.2;1.2;0.143;0;0.5;0;0.15;0;0;0;0.3;1.2;1.5;0.2;0;0.2;0.5;0.5;0.5
435;Theo Pinson;SF;26;DAL;11;0;8.5;0.7;2.5;0.296;0.5;1.8;0.25;0.3;0.6;0.429;0.389;0.4;0.4;1;0;1.5;1.5;1.1;0.4;0.2;0.2;0.8;2.3
436;Mason Plumlee;C;31;CHO;37;37;24.7;2.9;4.6;0.632;0;0;0;2.9;4.6;0.635;0.632;0.8;2.1;0.359;2.2;4.8;7;2.7;0.8;0.8;1.2;3;6.6
437;Jakob Poeltl;C;26;SAS;38;37;28.9;5.7;9.5;0.594;0;0;0;5.7;9.5;0.594;0.594;1.1;2.7;0.426;4.1;5;9.1;2.7;0.7;1.6;1.6;3;12.4
438;Aleksej Pokusevski;PF;20;OKC;36;2;15.1;1.9;5.4;0.358;0.6;2.4;0.23;1.4;2.9;0.462;0.409;0.2;0.4;0.5;0.9;3.1;4;1.1;0.5;0.5;1.2;1.2;4.6
439;Yves Pons;SF;22;MEM;6;0;3.5;0.2;0.5;0.333;0.2;0.2;1;0;0.3;0;0.5;0;0.3;0;0.3;0.5;0.8;0;0;0;0;0.3;0.5
440;Jordan Poole;SG;22;GSW;40;32;29.3;5.7;13.2;0.433;2.4;7.2;0.336;3.3;5.9;0.553;0.526;2.8;3.1;0.904;0.3;2.7;3;3.3;0.8;0.3;2.4;2.7;16.7
441;Kevin Porter Jr.;PG;21;HOU;31;31;30.2;4.5;11.9;0.379;2;5.8;0.341;2.5;6.1;0.416;0.462;2.1;3.4;0.635;0.7;3.5;4.2;5.9;1.3;0.3;3.6;2.6;13.1
442;Michael Porter Jr.;SF;23;DEN;9;9;29.4;4.1;11.4;0.359;1.1;5.3;0.208;3;6.1;0.491;0.408;0.6;1;0.556;1;5.6;6.6;1.9;1.1;0.2;1.3;1.8;9.9
443;Otto Porter Jr.;PF;28;GSW;39;7;21.5;3.1;6.7;0.465;1.5;3.8;0.393;1.6;2.8;0.564;0.579;0.5;0.7;0.714;1;4.3;5.2;1.7;1.1;0.5;0.6;1.3;8.2
444;Bobby Portis;C;26;MIL;39;34;28.6;5.9;12.3;0.478;1.9;4.5;0.418;4;7.8;0.513;0.555;1.5;1.9;0.776;2.9;6.5;9.4;1.2;0.7;0.9;1.6;2.8;15.2
445;Kristaps Porzi??is;PF;26;DAL;30;30;30.4;7;15.3;0.455;1.5;5.2;0.29;5.5;10.1;0.539;0.504;4.7;5.3;0.881;2.1;5.9;8;2.2;0.8;1.7;1.6;2.4;20.1
446;Micah Potter;C;23;DET;3;0;10.3;1.7;3.7;0.455;0;0.7;0;1.7;3;0.556;0.455;0.7;0.7;1;1.3;1.7;3;0;0.3;0.3;0.3;1.3;4
447;Dwight Powell;C;30;DAL;46;39;20.2;2.7;4.2;0.632;0.3;0.6;0.414;2.4;3.6;0.671;0.663;1.5;2.1;0.722;2;2.5;4.5;1.1;0.4;0.3;0.7;2.3;7.1
448;Myles Powell;PG;24;PHI;9;0;5.1;0.6;1.8;0.313;0.1;0.6;0.2;0.4;1.2;0.364;0.344;0.2;0.2;1;0.1;0.4;0.6;0.3;0.1;0;0.3;0.7;1.4
449;Norman Powell;SF;28;POR;34;34;32.9;6.2;13.6;0.455;2.2;5.5;0.399;4;8.1;0.493;0.536;4;4.9;0.82;0.4;2.5;2.9;2.1;1;0.4;1.5;2.3;18.6
450;Joshua Primo;SG;19;SAS;20;4;13.5;1.5;3.9;0.377;0.7;2.1;0.341;0.8;1.8;0.417;0.468;0.5;0.6;0.833;0.4;1.2;1.6;1.3;0.4;0.5;0.9;0.9;4.1
451;Taurean Prince;PF;27;MIN;34;8;14.4;1.6;4;0.387;0.8;2.6;0.318;0.7;1.4;0.51;0.489;0.6;0.7;0.76;0.4;1.7;2.1;0.9;0.4;0.2;0.6;1.4;4.5
452;Payton Pritchard;SG;24;BOS;37;2;13.6;1.8;4.9;0.37;1.2;3.1;0.371;0.6;1.8;0.369;0.489;0.2;0.2;1;0.3;1.5;1.8;1.8;0.2;0.1;0.7;0.9;5
453;Trevelin Queen;SG;24;HOU;8;0;8.6;1.6;3.6;0.448;1;2.8;0.364;0.6;0.9;0.714;0.586;0.4;0.4;1;0.6;1.1;1.8;0.4;0.6;0;0.9;0.8;4.6
454;Neemias Queta;C;22;SAC;6;0;6.7;0.8;2.5;0.333;0;0;0;0.8;2.5;0.333;0.333;0.5;0.7;0.75;1;1.2;2.2;0.5;0.2;0.2;0.3;1.2;2.2
455;Immanuel Quickley;PG;22;NYK;42;2;22.4;3.4;8.8;0.385;1.8;5.1;0.344;1.6;3.7;0.442;0.485;1.7;1.9;0.913;0.3;2.1;2.5;2.8;0.7;0.1;1.3;2.2;10.3
456;Jahmi'us Ramsey;SG;20;SAC;15;0;5.5;0.9;2.3;0.412;0.1;0.7;0.182;0.8;1.5;0.522;0.441;0.3;0.7;0.5;0.1;0.3;0.3;0.2;0.1;0.1;0.1;0.3;2.3
457;Julius Randle;PF;27;NYK;44;44;35.4;6.8;16.5;0.411;1.7;5.5;0.308;5.1;11;0.462;0.462;3.5;4.7;0.757;1.8;8.2;10;5.1;0.8;0.7;3.4;2.8;18.8
458;Austin Reaves;SG;23;LAL;27;0;21.1;2.1;4.3;0.487;0.8;2.4;0.338;1.3;1.9;0.68;0.583;1.1;1.3;0.857;0.4;2.1;2.6;1;0.3;0.1;0.6;1.6;6.1
459;Cam Reddish;SF;22;ATL;34;7;23.4;4.1;10.1;0.402;1.7;4.5;0.379;2.4;5.6;0.421;0.487;2.1;2.4;0.9;0.6;1.9;2.5;1.1;1;0.3;1.3;1.3;11.9
460;Davon Reed;SG;26;DEN;18;2;16.6;1.7;3.7;0.47;0.7;1.7;0.419;1;1.9;0.514;0.568;0.2;0.3;0.8;0.5;2.4;2.9;1.2;0.9;0.2;0.2;1.7;4.4
461;Paul Reed;C;22;PHI;21;2;8.8;1;2;0.465;0;0.2;0;1;1.9;0.513;0.465;0.1;0.4;0.375;1;1.3;2.2;0.5;0.6;0.5;0.3;1.3;2
462;Naz Reid;C;22;MIN;42;5;16.5;3.2;6.9;0.457;0.8;2.5;0.34;2.3;4.5;0.521;0.517;1.6;2.2;0.736;1.5;2.6;4.1;0.8;0.5;1;1;2.2;8.8
463;Nick Richards;C;24;CHO;33;5;8.9;1.5;2.2;0.685;0;0;0;1.5;2.2;0.685;0.685;0.7;0.9;0.828;0.8;1.3;2.1;0.3;0.3;0.6;0.5;1.3;3.8
464;Josh Richardson;SG;28;BOS;35;0;25.4;3.5;8;0.443;1.4;3.5;0.402;2.1;4.5;0.475;0.53;1.5;1.7;0.85;0.6;2.1;2.7;1.6;0.9;0.5;0.8;1.9;9.9
465;Austin Rivers;SG;29;DEN;31;9;20.3;2.1;5.5;0.379;1.1;3.6;0.313;0.9;1.8;0.509;0.482;0.4;0.6;0.611;0.4;1.4;1.7;1;0.5;0.1;0.8;1.6;5.6
466;Duncan Robinson;SG;27;MIA;43;38;27.4;3.9;10.2;0.387;3;8.5;0.352;0.9;1.7;0.563;0.534;0.7;0.8;0.806;0.4;2.8;3.2;1.5;0.7;0.2;0.8;2.6;11.5
467;Justin Robinson;PG;24;DET;5;0;18.2;1.8;5.6;0.321;1.6;4.2;0.381;0.2;1.4;0.143;0.464;0.4;1.2;0.333;0.4;1;1.4;1.8;0.2;0.2;1;1.6;5.6
468;Mitchell Robinson;C;23;NYK;42;33;25.1;3.5;4.5;0.788;0;0;0;3.5;4.5;0.788;0.788;1.3;2.4;0.55;3.5;4.8;8.3;0.4;0.5;1.5;0.8;2.7;8.4
469;Jeremiah Robinson-Earl;C;21;OKC;41;33;23;2.7;6.5;0.408;1.1;3.3;0.336;1.5;3.2;0.485;0.494;0.7;1;0.707;1.6;4.2;5.9;1;0.6;0.3;0.8;1.6;7.1
470;Isaiah Roby;PF;23;OKC;18;5;13.7;2.6;4.7;0.56;0.6;1.2;0.5;2;3.4;0.581;0.625;0.9;1.2;0.762;1.1;2.2;3.3;0.7;0.2;0.3;0.8;1.4;6.7
471;Rajon Rondo;PG;35;CLE;3;0;21.7;3.3;8;0.417;2;4.7;0.429;1.3;3.3;0.4;0.542;1.7;2;0.833;0.3;3.7;4;4.7;1;0;2.3;2;10.3
472;Derrick Rose;PG;33;NYK;26;4;24.5;4.7;10.5;0.445;1.4;3.5;0.402;3.3;7;0.467;0.513;1.2;1.2;0.968;0.8;2.2;3;4;0.8;0.5;1.5;0.6;12
473;Terrence Ross;SG;30;ORL;39;0;25.4;4;9.8;0.406;1.4;4.5;0.31;2.6;5.4;0.486;0.477;2.3;2.7;0.867;0.4;2.4;2.7;2.1;0.5;0.2;1.4;1.3;11.7
474;Terry Rozier;SG;27;CHO;37;37;32.7;6.9;15.7;0.439;3.1;8;0.38;3.8;7.7;0.5;0.536;1.9;2.4;0.818;0.7;3.4;4.1;3.9;1.1;0.4;1.1;1.4;18.8
475;Ricky Rubio;PG;31;CLE;34;8;28.5;4.4;12.1;0.363;1.7;5.1;0.339;2.6;7;0.38;0.434;2.6;3;0.854;0.4;3.7;4.1;6.6;1.4;0.2;2.6;2.2;13.1
476;D'Angelo Russell;PG;25;MIN;35;35;32.5;6.6;16.1;0.408;3.1;8.6;0.354;3.5;7.5;0.469;0.503;2.7;3.4;0.805;0.3;3.3;3.6;7;1;0.5;2.7;2.2;18.9
477;Domantas Sabonis;C;25;IND;44;43;34.9;7;12.2;0.577;0.8;2.4;0.327;6.3;9.8;0.637;0.609;4.1;5.5;0.744;3.2;8.7;11.9;4.9;1;0.4;3;3.1;19
478;Olivier Sarr;C;22;OKC;2;0;7;0.5;1.5;0.333;0;0.5;0;0.5;1;0.5;0.333;1;1;1;0;2.5;2.5;0;0;1;0;0.5;2
479;Tomá Satoransk?;SG;30;NOP;31;3;14.9;1;3.3;0.311;0.2;1;0.167;0.9;2.4;0.37;0.335;0.6;0.8;0.76;0.6;1.5;2;2.3;0.5;0;0.7;1;2.8
480;Jordan Schakel;SG;23;WAS;2;0;7;0;3;0;0;1.5;0;0;1.5;0;0;0;0;0;1;0.5;1.5;0;0;0;0;0;0
481;Admiral Schofield;SF;24;ORL;15;1;12.6;1.5;2.8;0.524;0.5;1.4;0.333;1;1.4;0.714;0.607;0.1;0.2;0.667;0.4;2.3;2.7;0.7;0.1;0.2;0.6;1.5;3.5
482;Dennis Schröder;SG;28;BOS;40;25;31.7;5.8;13;0.443;1.5;4.3;0.359;4.3;8.8;0.484;0.502;2.8;3.3;0.85;0.6;2.9;3.5;4.7;1;0.1;2.2;2.5;15.9
483;Tre Scott;SF;25;CLE;2;0;5.5;1.5;3;0.5;0;0.5;0;1.5;2.5;0.6;0.5;0;0;0;0.5;0.5;1;0;0.5;0.5;0;1;3
484;Jay Scrubb;SG;21;LAC;14;0;6.8;1.1;2.9;0.375;0.4;1.4;0.263;0.7;1.5;0.476;0.438;0.3;0.5;0.571;0.1;0.6;0.8;0.5;0.2;0.2;0.4;0.4;2.8
485;Wayne Selden;SG;27;NYK;3;0;6.3;0.3;1.3;0.25;0.3;0.7;0.5;0;0.7;0;0.375;0.7;1.3;0.5;0;0.3;0.3;0.3;0;0;0;0.3;1.7
486;Alperen Þengün;C;19;HOU;39;2;18;3.1;6.2;0.494;0.3;1.2;0.289;2.7;5.1;0.54;0.521;2.3;3.3;0.701;1.7;2.9;4.6;2.6;0.8;0.8;2;2.9;8.8
487;Collin Sexton;SG;23;CLE;11;11;28.7;6.2;13.7;0.45;1;4.1;0.244;5.2;9.6;0.538;0.487;2.6;3.5;0.744;1.2;2.1;3.3;2.1;0.9;0;2.8;2.3;16
488;Landry Shamet;SG;24;PHO;40;7;20.2;2.4;6.5;0.372;1.6;4.5;0.35;0.9;2;0.42;0.492;1.1;1.3;0.843;0.2;1.8;2;1.6;0.5;0.1;0.6;1.2;7.5
489;Day'Ron Sharpe;PF;20;BRK;20;6;11.8;2.9;4.8;0.594;0.1;0.2;0.333;2.8;4.7;0.602;0.599;0.8;1.2;0.652;2.3;2.5;4.7;0.4;0.3;0.6;1;2.2;6.5
490;Pascal Siakam;PF;27;TOR;30;30;36.7;8;16.9;0.473;1.1;3.3;0.333;6.9;13.6;0.507;0.506;3.9;5.3;0.725;2;6.3;8.3;4.9;1.2;0.7;2.6;3.5;21
491;Chris Silva;PF;25;MIA;7;0;9;1.1;1.9;0.615;0;0;0;1.1;1.9;0.615;0.615;1.1;1.4;0.8;1.4;2.3;3.7;0.4;0;0;0.6;1.9;3.4
492;Marko Simonovic;C;22;CHI;9;0;3.9;0.4;1.7;0.267;0.1;0.6;0.2;0.3;1.1;0.3;0.3;0.9;1.2;0.727;0.6;0.6;1.1;0;0.1;0.1;0.2;0.7;1.9
493;Anfernee Simons;SG;22;POR;39;12;27.3;5.4;12.2;0.447;2.6;6.6;0.395;2.8;5.5;0.509;0.555;1.6;1.7;0.91;0.5;2.1;2.6;3.4;0.5;0.2;1.5;1.9;15.1
494;Jericho Sims;PF;23;NYK;14;0;6.4;0.4;0.6;0.75;0;0;0;0.4;0.6;0.75;0.75;0.2;0.3;0.75;0.6;1;1.6;0.1;0.1;0.4;0.1;0.4;1.1
495;Deividas Sirvydis;SG;21;DET;3;0;9;0.3;3.3;0.1;0.3;2.3;0.143;0;1;0;0.15;0;0;0;0;2;2;0.3;1;0.3;0;1.3;1
496;Javonte Smart;PG;22;MIL;13;1;12.3;0.8;3.3;0.256;0.3;1.4;0.222;0.5;1.9;0.28;0.302;0.4;0.5;0.833;0.3;1.2;1.5;1.1;0.3;0.2;0.7;0.8;2.4
497;Marcus Smart;PG;27;BOS;38;38;34.1;4;10.2;0.393;1.4;4.8;0.304;2.6;5.5;0.471;0.464;2.1;2.6;0.798;0.6;3.3;4;5.3;1.9;0.3;2;2.5;11.6
498;Dennis Smith Jr.;PG;24;POR;27;4;17.4;2.3;5.6;0.411;0.2;1;0.222;2.1;4.6;0.452;0.43;1.1;1.7;0.689;0.5;1.8;2.3;3.3;1.2;0.4;1.4;1.4;6
499;Ish Smith;PG;33;CHO;29;1;14.1;2;5.1;0.389;0.3;0.7;0.4;1.7;4.4;0.388;0.416;0.4;0.7;0.632;0.1;1.3;1.4;2.7;0.6;0.2;1.1;0.9;4.7
500;Jalen Smith;PF;21;PHO;22;4;13.9;2.4;5.1;0.46;0.3;1.4;0.233;2;3.8;0.542;0.491;1.5;1.9;0.829;2.2;3.3;5.5;0.2;0.2;0.6;0.8;1.7;6.6
501;Xavier Sneed;SF;24;MEM;2;0;4;0;1;0;0;1;0;0;0;0;0;0;0;0;0.5;0.5;1;0;0;0;0;1;0
502;Tony Snell;SG;30;POR;32;7;13.2;0.8;2.3;0.356;0.6;1.8;0.321;0.3;0.5;0.471;0.479;0.1;0.1;1;0.3;1.4;1.7;0.5;0.2;0.1;0.3;1.1;2.3
503;Jaden Springer;SG;19;PHI;2;0;3;0.5;0.5;1;0;0;0;0.5;0.5;1;1;0;0;0;0.5;0.5;1;0;0;1;0.5;0;1
504;Cassius Stanley;SG;22;DET;7;1;20.3;2.4;6;0.405;0.6;2.3;0.25;1.9;3.7;0.5;0.452;1.4;1.4;1;0.7;1.7;2.4;0.6;0.7;0.3;0.9;1.9;6.9
505;Nik Stauskas;SG;28;MIA;2;0;12;1.5;4;0.375;1;2;0.5;0.5;2;0.25;0.5;1.5;2;0.75;0.5;1;1.5;0.5;0;0;0;0.5;5.5
506;Lance Stephenson;SG;31;IND;10;0;19.2;3.5;8.2;0.427;0.9;3.2;0.281;2.6;5;0.52;0.482;0.9;1.1;0.818;0.3;2.2;2.5;3.9;0.8;0;1.7;2.3;8.8
507;Lamar Stevens;PF;24;CLE;30;8;15.2;2.2;4.7;0.464;0.4;1.3;0.342;1.7;3.4;0.51;0.511;0.5;0.7;0.636;0.7;1.6;2.4;0.7;0.4;0.2;0.5;1.5;5.2
508;Isaiah Stewart;C;20;DET;37;37;25.1;3.3;6.4;0.519;0.1;0.5;0.1;3.3;5.9;0.558;0.523;1;1.5;0.667;2.6;5.4;8;1.1;0.4;1.2;1.3;2.8;7.7
509;Max Strus;SF;25;MIA;35;8;23.8;4.1;8.9;0.455;2.7;6.5;0.412;1.4;2.4;0.571;0.606;0.9;1.1;0.775;0.4;3;3.4;1.3;0.3;0.2;0.7;1.5;11.7
510;Jalen Suggs;PG;20;ORL;26;23;27.7;4.4;12.2;0.364;1.1;4.5;0.25;3.3;7.7;0.43;0.41;2.8;3.7;0.753;0.7;3.1;3.8;3.9;1.2;0.4;3.4;2.8;12.8
511;Craig Sword;SG;28;WAS;3;0;6.3;1;1.3;0.75;0;0.3;0;1;1;1;0.75;0;0;0;0;0;0;0.3;1.3;0;0.3;2.3;2
512;Keifer Sykes;PG;28;IND;11;7;22.2;3;7.3;0.413;1.1;3.5;0.308;1.9;3.7;0.512;0.488;0.7;0.8;0.889;0.5;1.8;2.3;2.6;0.5;0.1;1.3;2.2;7.8
513;Jae'Sean Tate;SF;26;HOU;45;44;27.2;5;9.8;0.503;0.8;2.6;0.303;4.2;7.2;0.577;0.544;1.8;2.6;0.701;1.7;4;5.7;3.1;0.9;0.6;1.8;3.6;12.5
514;Jayson Tatum;SF;23;BOS;43;43;36.8;8.7;20.9;0.416;2.5;8.1;0.311;6.2;12.8;0.482;0.476;5.3;6.3;0.841;1.2;7.4;8.6;3.8;1;0.8;3;2.5;25.2
515;Terry Taylor;SG;22;IND;2;0;3;0;0;0;0;0;0;0;0;0;0;0;0;0;0;0.5;0.5;0.5;0;0;0;0;0
516;Garrett Temple;SG;35;NOP;43;12;19.4;2;5.2;0.39;1.2;3.4;0.352;0.8;1.8;0.462;0.504;0.5;0.7;0.733;0.6;2.1;2.7;1.2;0.8;0.4;0.8;1.6;5.7
517;Emanuel Terry;PF;25;PHO;3;0;6;0;1.7;0;0;0;0;0;1.7;0;0;0;0;0;2.7;2.3;5;0.7;0.3;0;1.7;1.3;0
518;Tyrell Terry;PG;21;MEM;2;0;1.5;0.5;0.5;1;0;0;0;0.5;0.5;1;1;0;0;0;0;0;0;0;0;0;0;0.5;1
519;Jon Teske;C;24;MEM;3;0;2.7;0;0.3;0;0;0;0;0;0.3;0;0;0;0.7;0;0;0.7;0.7;0.3;0.3;0;0;0.3;0
520;Daniel Theis;C;29;HOU;26;21;22.5;3.2;6.9;0.469;0.9;3;0.291;2.3;3.8;0.61;0.534;1;1.5;0.675;1.2;3.8;5;0.8;0.4;0.7;1.2;2.4;8.4
521;Brodric Thomas;SG;25;BOS;7;0;4;0.1;1.3;0.111;0;0.9;0;0.1;0.4;0.333;0.111;0.3;0.3;1;0.3;0.4;0.7;0.7;0;0;0.4;0.1;0.6
522;Cam Thomas;SG;20;BRK;34;1;17.4;3;7;0.43;0.6;2.6;0.233;2.4;4.3;0.551;0.475;0.8;1;0.788;0.2;2.2;2.4;1;0.5;0.1;0.8;0.8;7.4
523;Isaiah Thomas;PG;32;DAL;1;0;13;3;8;0.375;0;3;0;3;5;0.6;0.375;0;0;0;0;0;0;4;0;0;0;0;6
524;Matt Thomas;SG;27;CHI;21;0;12.1;1.7;3.9;0.432;1.1;2.5;0.434;0.6;1.3;0.429;0.574;0.3;0.5;0.7;0.1;1;1.1;0.6;0.3;0;0.2;0.5;4.8
525;Klay Thompson;SG;31;GSW;6;6;21.3;5.3;14.3;0.372;2.2;7.2;0.302;3.2;7.2;0.442;0.448;1.8;1.8;1;0.5;2.3;2.8;2;0.7;0.3;1.8;1.3;14.7
526;Tristan Thompson;PF;30;SAC;30;3;15.2;2.5;5;0.503;0;0;1;2.5;5;0.5;0.507;1.1;2;0.533;2.4;3;5.4;0.6;0.4;0.4;1;1.7;6.2
527;JT Thor;PF;19;CHO;11;0;10.4;0.8;2.5;0.333;0.3;1.5;0.176;0.5;0.9;0.6;0.389;0.6;0.9;0.7;0.5;1;1.5;0.6;0.4;0.5;0.4;1.3;2.5
528;Matisse Thybulle;SG;24;PHI;32;17;25.8;2.4;4.9;0.487;0.7;2.5;0.288;1.7;2.4;0.697;0.561;0.3;0.4;0.692;0.5;1.9;2.4;1.1;1.8;1.1;0.7;2.3;5.8
529;Killian Tillie;C;23;MEM;27;3;13.1;1.3;3.7;0.343;0.8;2.4;0.328;0.5;1.3;0.371;0.449;0.2;0.3;0.625;0.7;1.1;1.8;0.5;0.7;0.5;0.3;1.6;3.5
530;Xavier Tillman Sr.;PF;23;MEM;36;0;13.6;1.8;4.1;0.432;0.2;0.9;0.176;1.6;3.2;0.509;0.453;0.9;1.3;0.646;1.3;1.8;3.1;1.1;1.1;0.4;0.6;1.3;4.6
531;Isaiah Todd;PF;20;WAS;9;0;3.9;0.6;1.7;0.333;0.4;1.1;0.4;0.1;0.6;0.2;0.467;0.2;0.4;0.5;0.2;0.8;1;0.1;0.2;0.2;0.1;0.1;1.8
532;Obi Toppin;PF;23;NYK;41;2;15.9;2.9;5.5;0.524;0.3;1.6;0.2;2.6;3.9;0.656;0.553;1.4;1.8;0.77;1;2.7;3.6;1;0.3;0.5;0.8;1.4;7.5
533;Juan Toscano-Anderson;SF;28;GSW;44;4;15.7;1.8;3.8;0.491;0.4;1.4;0.279;1.5;2.4;0.615;0.542;0.7;1.1;0.592;0.5;2.4;2.9;2;0.8;0.3;1.1;1.7;4.7
534;Karl-Anthony Towns;C;26;MIN;38;38;34.6;8.7;16.7;0.519;2.2;5.4;0.408;6.5;11.3;0.572;0.585;4.7;5.9;0.807;2.8;6.4;9.2;3.7;1.1;1.2;3.4;3.8;24.3
535;Gary Trent Jr.;SG;23;TOR;34;33;33.9;6;14.4;0.419;2.7;7.3;0.369;3.3;7.1;0.471;0.513;1.5;1.8;0.836;0.4;2.4;2.8;2.1;1.9;0.4;0.9;2.2;16.3
536;P.J. Tucker;PF;36;MIA;40;39;28.3;3;6.2;0.492;1.4;3;0.454;1.7;3.2;0.528;0.602;0.7;1;0.692;1.6;4;5.5;2.1;0.8;0.3;1;2.2;8.1
537;Rayjon Tucker;SG;24;DEN;3;0;9.7;0.3;0.7;0.5;0.3;0.7;0.5;0;0;0;0.75;1;1.3;0.75;0.3;1;1.3;1.3;0.3;0;0;1;2
538;Myles Turner;C;25;IND;42;42;29.4;4.8;9.4;0.509;1.5;4.4;0.333;3.3;5;0.662;0.587;1.9;2.5;0.752;1.5;5.5;7.1;1;0.7;2.8;1.3;2.8;12.9
539;Jonas Valan?i?nas;C;29;NOP;42;42;31.6;7.1;13.5;0.526;1;2.5;0.417;6;11;0.55;0.564;3.2;4;0.819;3.4;8.6;12;2.4;0.5;0.9;2.4;3.2;18.4
540;Denzel Valentine;SG;28;UTA;2;0;9;1;2;0.5;0.5;1.5;0.333;0.5;0.5;1;0.625;0;0;0;0;2;2;0;0.5;0;1;1.5;2.5
541;Jarred Vanderbilt;PF;22;MIN;40;33;25.7;2.9;5;0.581;0.1;0.3;0.2;2.8;4.7;0.601;0.586;1;1.5;0.644;3.2;5.9;9.1;1.3;1.5;0.7;1.1;2.9;6.8
542;Fred VanVleet;PG;27;TOR;40;40;38.1;7.4;17.5;0.424;3.9;9.8;0.398;3.5;7.7;0.458;0.536;3.1;3.6;0.867;0.8;3.9;4.7;6.9;1.7;0.5;2.6;2.4;21.8
543;Devin Vassell;SF;21;SAS;38;6;25.2;4.3;9.8;0.441;1.7;4.9;0.346;2.6;4.9;0.538;0.528;0.8;1.1;0.756;0.6;3.6;4.2;1.3;1;0.7;0.8;2.1;11.2
544;Gabe Vincent;PG;25;MIA;37;13;22.3;3.2;7.4;0.44;1.7;4.5;0.386;1.5;2.9;0.523;0.557;0.7;0.9;0.765;0.4;1.5;1.9;3;0.9;0.3;1.5;2.2;8.9
545;Nikola Vu?evi?;C;31;CHI;37;37;33.2;6.9;15.7;0.438;1.6;5;0.326;5.2;10.7;0.49;0.49;1;1.4;0.731;1.9;9.2;11.1;3.5;1.1;1.2;1.5;2.2;16.4
546;Dean Wade;PF;25;CLE;31;16;18.6;1.7;4.1;0.429;0.8;2.5;0.329;0.9;1.5;0.596;0.532;0.3;0.4;0.769;0.7;2.4;3.2;1.1;0.5;0.1;0.4;1.5;4.6
547;Franz Wagner;SF;20;ORL;47;47;32.3;5.8;12.9;0.452;1.2;3.5;0.341;4.6;9.4;0.493;0.498;2.5;3;0.843;1.1;3.6;4.8;2.8;1;0.5;1.6;2.2;15.3
548;Moritz Wagner;C;24;ORL;37;0;12;2.5;5.1;0.484;1;2.8;0.356;1.5;2.3;0.64;0.582;1.3;1.6;0.787;0.5;1.9;2.4;0.9;0.2;0.3;0.7;1.9;7.3
549;Ish Wainright;PF;27;PHO;19;0;6.5;0.7;2.1;0.333;0.3;1.2;0.227;0.4;0.9;0.471;0.397;0.1;0.2;0.5;0.7;0.6;1.3;0.4;0.3;0.1;0.4;1.2;1.7
550;Kemba Walker;PG;31;NYK;26;26;27.1;4.6;11.2;0.412;2.4;6;0.4;2.2;5.2;0.426;0.519;1.8;2.3;0.814;0.4;3;3.4;3.6;0.8;0.2;1.4;1.2;13.5
551;Lonnie Walker IV;SG;23;SAS;42;6;22.7;4;10.5;0.385;1.5;4.9;0.295;2.6;5.6;0.464;0.454;1.6;1.9;0.825;0.2;2.5;2.7;2.3;0.6;0.3;1;1.4;11.1
552;M.J. Walker;SG;23;PHO;2;0;4;0;2;0;0;1;0;0;1;0;0;0;0;0;0;0.5;0.5;0.5;1;0;0;0.5;0
553;Derrick Walton;PG;26;DET;3;3;36;2;8.7;0.231;1;4.3;0.231;1;4.3;0.231;0.288;1.3;1.3;1;0.7;2.7;3.3;7;2.3;1.3;3.7;2.7;6.3
554;Brad Wanamaker;PG;32;WAS;1;1;27;2;5;0.4;0;0;0;2;5;0.4;0.4;3;3;1;0;4;4;7;2;0;0;3;7
555;Duane Washington Jr.;PG;21;IND;14;7;19.5;2.8;7.9;0.355;1.2;3.8;0.321;1.6;4.1;0.386;0.432;1;1.4;0.737;0.1;1.4;1.5;1.7;0.5;0.1;1.1;1;7.8
556;P.J. Washington;PF;23;CHO;29;3;24.3;3.4;7.8;0.442;1.8;4.6;0.402;1.6;3.2;0.5;0.56;1.1;1.6;0.711;1.4;4;5.4;2.1;0.7;1.1;1.4;2.5;9.8
557;Yuta Watanabe;SF;27;TOR;18;4;17.8;2.1;5.5;0.384;1.1;3.1;0.345;1.1;2.4;0.432;0.48;0.8;1.3;0.583;0.7;2.8;3.6;0.8;0.4;0.6;0.7;1.4;6.1
558;Tremont Waters;PG;24;WAS;1;0;8;1;2;0.5;0;0;0;1;2;0.5;0.5;0;0;0;0;0;0;0;1;0;0;2;2
559;Trendon Watford;SF;21;POR;19;0;9.2;1.2;2.5;0.489;0;0.2;0;1.2;2.3;0.535;0.489;0.8;1.2;0.652;0.6;1.6;2.3;0.6;0.2;0.5;0.7;0.9;3.2
560;Paul Watson;SF;27;OKC;9;3;17.3;1.3;3.9;0.343;0.7;2.9;0.231;0.7;1;0.667;0.429;0.1;0.2;0.5;0.3;2.7;3;0.9;0.3;0.3;0.4;1.1;3.4
561;Quinndary Weatherspoon;SG;25;GSW;3;0;5.3;1.3;1.3;1;0;0;0;1.3;1.3;1;1;0;0;0;0;0.3;0.3;0;0.3;0.3;0.3;1.7;2.7
562;Russell Westbrook;PG;33;LAL;46;46;34.9;7;16.2;0.433;1;3.5;0.302;6;12.7;0.469;0.466;3.5;5.2;0.671;1.4;6.6;8;7.8;1.1;0.3;4.2;3.1;18.5
563;Coby White;PG;21;CHI;26;10;26.7;4.5;10.2;0.447;2;5.4;0.371;2.5;4.8;0.532;0.545;1.4;1.7;0.818;0.2;2.5;2.7;2.5;0.6;0.2;1.2;2.2;12.5
564;Derrick White;SG;27;SAS;41;40;30.4;5;11.9;0.422;1.6;5.2;0.299;3.5;6.7;0.518;0.488;2.9;3.4;0.857;0.5;3;3.5;5.5;1.1;1;1.7;2.3;14.5
565;Hassan Whiteside;C;32;UTA;36;3;16.4;3.3;5.2;0.626;0;0;0;3.3;5.2;0.626;0.626;1.7;2.5;0.685;2.3;4.6;6.8;0.3;0.3;1.3;0.9;2.9;8.2
566;Joe Wieskamp;SG;22;SAS;13;0;5.9;0.8;1.8;0.478;0.5;1.3;0.412;0.3;0.5;0.667;0.63;0.2;0.5;0.429;0.2;0.4;0.5;0.3;0.2;0.2;0;0.4;2.5
567;Aaron Wiggins;SG;23;OKC;27;15;21.8;2.7;5.7;0.484;0.8;2.5;0.313;2;3.2;0.616;0.552;1.1;1.6;0.69;0.9;2.6;3.5;1.1;0.8;0.2;0.9;2;7.3
568;Andrew Wiggins;SF;26;GSW;42;42;31.5;6.8;14.1;0.486;2.2;5.4;0.413;4.6;8.7;0.53;0.564;2.4;3.5;0.671;1.1;3.1;4.2;2;0.9;0.6;1.6;1.8;18.3
569;Lindell Wigginton;PG;23;MIL;1;0;5;1;1;1;0;0;0;1;1;1;1;0;0;0;0;1;1;0;1;0;0;0;2
570;Brandon Williams;PG;22;POR;2;0;6;1;1.5;0.667;0;0;0;1;1.5;0.667;0.667;2;3.5;0.571;0;1;1;1;0;0;0;0;4
571;Grant Williams;PF;23;BOS;42;13;22.8;2.4;5;0.483;1.5;3.4;0.424;1;1.5;0.615;0.629;0.9;1;0.884;0.7;2.5;3.2;1;0.5;0.6;0.8;2.1;7.2
572;Kenrich Williams;SF;27;OKC;37;0;20.5;2.8;6.1;0.46;0.8;2.2;0.388;1.9;3.9;0.5;0.529;0.6;1.1;0.537;1.4;2.6;4.1;1.9;0.9;0.1;0.8;1.7;7
573;Lou Williams;PG;35;ATL;31;0;14.4;2.4;6.3;0.376;0.7;2.2;0.309;1.7;4.1;0.413;0.43;1.3;1.5;0.87;0.3;1.2;1.5;1.6;0.5;0.1;0.8;1;6.7
574;Patrick Williams;PF;20;CHI;5;5;25;2.6;4.6;0.565;0.6;1.2;0.5;2;3.4;0.588;0.63;0.8;0.8;1;0.2;2;2.2;0.6;0.6;0.4;0.4;1.8;6.6
575;Robert Williams;C;24;BOS;36;36;29.5;4.3;5.9;0.739;0;0;0;4.3;5.9;0.739;0.739;1.2;1.7;0.689;3.9;5.4;9.3;1.8;0.8;2.1;1.3;2.1;9.8
576;Ziaire Williams;SF;20;MEM;29;8;20.1;2.5;6.1;0.404;1;3.7;0.274;1.5;2.5;0.597;0.486;0.5;0.6;0.833;0.2;1.3;1.6;0.8;0.5;0.2;0.6;1.8;6.5
577;D.J. Wilson;PF;25;TOR;3;1;16;2.7;3.7;0.727;0;0.7;0;2.7;3;0.889;0.727;2.7;3.3;0.8;0.3;4.3;4.7;1.3;1.7;0.3;0.7;1.7;8
578;Dylan Windler;SF;25;CLE;30;0;10.7;1.1;2.4;0.451;0.7;1.7;0.412;0.4;0.7;0.55;0.599;0.2;0.3;0.875;0.4;1.5;1.9;0.8;0.3;0.1;0.3;1;3.1
579;Justise Winslow;SF;25;LAC;32;1;11.4;1.6;3.5;0.451;0.2;0.8;0.208;1.4;2.8;0.517;0.473;0.4;0.8;0.52;0.6;2.5;3.1;1.2;0.5;0.4;0.9;1.1;3.8
580;Cassius Winston;PG;23;WAS;2;0;3.5;0;1;0;0;1;0;0;0;0;0;1;1;1;0;0;0;1;0;0;0.5;0;1
581;Christian Wood;C;26;HOU;44;43;30.8;6.4;13.4;0.481;1.8;4.8;0.365;4.7;8.6;0.546;0.547;2.9;4.6;0.623;1.7;8.6;10.3;2.2;0.8;0.9;1.8;2.4;17.5
582;Robert Woodard II;SF;22;SAC;8;0;1.9;0.1;0.5;0.25;0.1;0.1;1;0;0.4;0;0.375;0.3;0.3;1;0;0.3;0.3;0;0;0;0.1;0.3;0.6
583;Delon Wright;SG;29;ATL;40;4;17.8;1.6;3.4;0.456;0.6;1.4;0.444;1;2.1;0.463;0.544;0.7;0.9;0.824;0.7;2.1;2.8;2.5;0.9;0.2;0.7;0.7;4.4
584;McKinley Wright IV;PG;23;MIN;2;0;3.5;1;1.5;0.667;0.5;1;0.5;0.5;0.5;1;0.833;0;0;0;0;0;0;0;0;0;0.5;0.5;2.5
585;Moses Wright;PF;23;LAC;1;0;1;0;0;0;0;0;0;0;0;0;0;0;0;0;0;0;0;1;0;0;0;0;0
586;Thaddeus Young;PF;33;SAS;24;0;13.9;2.7;4.8;0.56;0;0.1;0;2.7;4.7;0.575;0.56;0.4;0.8;0.45;1.4;2;3.4;2.3;0.8;0.3;1.1;1.4;5.8
587;Trae Young;PG;23;ATL;41;41;34.8;9.3;20.5;0.455;2.8;7.5;0.372;6.5;13;0.503;0.523;6.5;7.2;0.901;0.7;3.3;4;9.4;1;0.1;4.2;1.6;27.9
588;Omer Yurtseven;C;23;MIA;36;10;15.1;2.7;5.2;0.521;0;0.2;0.143;2.7;5;0.536;0.524;0.9;1.4;0.64;1.8;4.6;6.4;1.1;0.4;0.5;0.9;1.8;6.4
589;Cody Zeller;C;29;POR;27;0;13.1;1.9;3.3;0.567;0;0.1;0;1.9;3.2;0.593;0.567;1.4;1.8;0.776;1.9;2.8;4.6;0.8;0.3;0.2;0.7;2.1;5.2
590;Ivica Zubac;C;24;LAC;43;43;24.6;3.8;5.7;0.675;0;0;0;3.8;5.7;0.675;0.675;2.1;2.8;0.754;2.8;5.3;8.1;1.2;0.5;1;1.3;2.5;9.8
